Dep_Airport_ID,Runway_ID,Num_of_Runways,Length,Width,Surface_Type_Condition,Edge_Light_Intensity,WBC_Single,WBC_Dual,WBC_Two_Dual,WBC_Tandem_Two_Dual,Base_Marking_Condition
EET,16/34,1,5000,75,ASPH-F,MED,16,,,,G
BHM,06/24,2,12007,150,ASPH-G,HIGH,175,205,350,,F
BHM,18/36,2,7099,150,ASPH-G,MED,75,170,240,,G
DHN,18/36,2,5498,100,ASPH-F,HIGH,75,105,190,,G
DHN,14/32,2,8499,150,ASPH-E,HIGH,75,105,190,,G
EDN,05/23,1,5080,100,ASPH-G,MED,,,,,F
BFM,18/36,2,7800,150,ASPH-CONC-F,MED,76,150,320,,G
BFM,14/32,2,9618,150,ASPH-CONC-G,HIGH,75,185,325,,G
IFP,16/34,1,8501,150,ASPH-G,MED,75,200,400,,G
P52,14/32,1,4250,75,ASPH-G,MED,4,,,,G
FLG,03/21,1,8800,150,ASPH-E,HIGH,30,95,140,,G
FHU,03/21,4,4285,75,ASPH-CONC-G,MED,,,,,G
FHU,08/26,4,12001,150,CONC-E,HIGH,75,200,450,700,G
FHU,12/30,4,5366,100,ASPH-CONC-G,MED,46,106,137,172,G
FHU,H1,4,40,40,ASPH,PERI,,,,,
GEU,01/19,1,7150,100,ASPH-G,MED,40,60,,,G
P13,09/27,1,6500,100,ASPH-F,MED,60,,,,F
GYR,03/21,2,8500,150,ASPH-G,MED,115,225,505,985,G
GYR,H1,2,64,64,CONC,PERI,,,,,
IGM,17/35,2,6725,75,ASPH-G,MED,22,60,,,G
IGM,03/21,2,6827,150,ASPH-G,MED,45,85,125,265,G
HII,14/32,1,8000,100,ASPH-F,MED,100,,,,G
MZJ,12/30,1,6849,150,ASPH-P,MED,68,100,270,500,P
FFZ,04L/22R,2,3799,75,ASPH-G,MED,12,,,,G
FFZ,04R/22L,2,5100,100,ASPH-G,MED,38,60,90,,G
OLS,03/21,2,7200,100,ASPH-G,MED,21,,,,P
OLS,H1,2,97,97,CONC-G,,22,,,,
PGA,15/33,2,5950,150,ASPH-G,MED,65,90,190,,G
PGA,07/25,2,2201,75,ASPH-G,,,12,,,F
P20,01/19,1,6250,100,ASPH-G,MED,30,50,,,P
PAN,H1,2,50,50,CONC-G,,,,,,
PAN,06/24,2,5504,75,ASPH-G,MED,40,50,100,,G
DVT,07R/25L,2,8196,100,ASPH-G,MED,20,91,255,,G
DVT,07L/25R,2,4500,75,ASPH-G,MED,70,117,,,G
IWA,12C/30C,3,10201,150,ASPH-CONC-G,HIGH,55,95,185,550,G
IWA,12L/30R,3,9300,150,CONC-G,HIGH,75,210,590,850,G
IWA,12R/30L,3,10401,150,CONC-G,MED,55,95,185,550,G
PHX,07R/25L,3,7800,150,CONC-G,HIGH,30,200,400,1010,G
PHX,07L/25R,3,10300,150,CONC-G,HIGH,30,235,435,940,G
PHX,08/26,3,11489,150,CONC-G,HIGH,30,200,455,965,G
PRC,03L/21R,3,4846,60,ASPH-G,MED,12,,,,
PRC,03R/21L,3,7619,150,ASPH-G,MED,63,80,100,,G
PRC,12/30,3,4408,75,ASPH-G,MED,12,,,,G
88AZ,17/35,1,3800,40,ASPH-CONC,,,,,,
SAD,12/30,3,6007,100,ASPH-G,MED,33,,,,G
SAD,08/26,3,4802,60,ASPH-G,MED,23,,,,G
SAD,H1,3,72,72,CONC,MED,,,,,
SEZ,03/21,2,5132,100,ASPH-G,MED,15,30,,,G
SEZ,H1,2,50,50,CONC-G,FLD,,,,,
SDL,03/21,1,8249,100,ASPH-G,MED,45,75,,,G
JTC,11/29,2,4603,60,ASPH-G,MED,19,,,,P
JTC,03/21,2,8422,75,ASPH-G,MED,30,,,,G
AVQ,12/30,2,6901,100,ASPH-G,MED,75,100,300,,G
AVQ,03/21,2,3892,75,ASPH-G,MED,75,100,150,,G
TUS,03/21,3,7000,150,ASPH-G,MED,105,137,230,500,G
TUS,11L/29R,3,10996,150,ASPH-G,HIGH,160,200,350,585,G
TUS,11R/29L,3,8408,75,ASPH-G,MED,120,140,220,,G
DMA,12/30,1,13643,200,PEM,HIGH,,,,,
RYN,06L/24R,3,4900,75,ASPH-G,MED,12,30,,,F
RYN,06R/24L,3,5500,75,ASPH-G,MED,12,30,,,G
RYN,15/33,3,4010,75,ASPH-F,MED,,,,,G
E25,05/23,1,6101,75,ASPH-G,MED,30,60,,,G
INW,04/22,2,7499,150,ASPH-G,MED,50,80,125,,F
INW,11/29,2,7100,150,ASPH-F,MED,60,70,110,,F
NYL,03R/21L,4,9240,150,ASPH-CONC-G,HIGH,162,200,400,,G
NYL,08/26,4,6146,150,ASPH-G,HIGH,63,137,206,,G
NYL,17/35,4,5710,150,ASPH-CONC-G,HIGH,72,171,255,,G
NYL,03L/21R,4,13300,200,CONC-G,HIGH,103,200,400,,G
FYV,16/34,1,6005,100,ASPH-G,MED,90,150,175,,G
FSM,02/20,2,5001,150,ASPH-G,MED,55,70,120,,G
FSM,08/26,2,8017,150,ASPH-G,HIGH,75,175,295,,G
HOT,05/23,2,6595,150,ASPH-G,HIGH,75,125,210,400,G
HOT,13/31,2,4098,100,ASPH-G,MED,28,36,63,,G
JBR,05/23,2,6200,150,ASPH-G,MED,40,48,76,,P
JBR,13/31,2,4099,150,ASPH-G,MED,50,60,95,,F
LIT,04R/22L,3,8251,150,CONC-G,HIGH,75,200,350,,G
LIT,04L/22R,3,8273,150,CONC-G,HIGH,75,200,350,,G
LIT,18/36,3,6224,150,CONC-G,MED,75,100,135,,G
SGT,09/27,2,5002,150,CONC-G,MED,25,65,120,,F
SGT,18/36,2,6015,100,ASPH-G,MED,75,150,200,300,G
TXK,04/22,2,6601,150,ASPH-G,HIGH,50,86,120,,G
TXK,13/31,2,5200,100,ASPH-G,MED,25,,,,G
APV,08/26,2,4099,60,ASPH-P,,40,60,100,,P
APV,18/36,2,6498,150,ASPH-F,MED,70,90,150,,F
ACV,01/19,2,4501,150,ASPH-G,MED,60,95,170,,F
ACV,14/32,2,6046,150,ASPH-G,HIGH,60,155,280,,G
AUN,07/25,1,3700,75,ASPH-G,MED,30,,,,G
BFL,12R/30L,2,7700,100,ASPH-E,MED,18,,,,G
BFL,12L/30R,2,10849,150,ASPH-G,HIGH,96,155,260,654,G
L35,08/26,1,5850,75,ASPH-G,MED,12,,,,G
BUR,15/33,2,6886,150,ASPH-CONC-E,MED,120,201,352,839,G
BUR,08/26,2,5802,150,ASPH-CONC-E,HIGH,120,201,352,839,G
C83,12/30,2,4500,100,ASPH-G,MED,29,,,,G
C83,05/23,2,3000,75,ASPH-G,MED,29,,,,G
CMA,08/26,1,6013,150,ASPH-CONC-G,MED,50,80,125,,G
CRQ,H1,2,40,50,CONC-G,HIGH,,,,,G
CRQ,06/24,2,4897,150,ASPH-G,HIGH,60,80,110,,G
CIC,13R/31L,3,3000,60,ASPH-F,,12,,,,F
CIC,H1,3,64,64,CONC-G,,35,,,,
CIC,13L/31R,3,6724,150,ASPH-G,HIGH,63,100,170,,G
CNO,08L/26R,3,4858,150,ASPH-G,HIGH,12,,,,G
CNO,08R/26L,3,7000,150,ASPH-G,MED,75,150,215,,G
CNO,03/21,3,4919,150,ASPH-G,MED,21,130,,50,G
O22,11/29,2,2607,50,TURF-G,,,,,,
O22,17/35,2,4673,75,ASPH-G,MED,30,,,,F
CEC,12/30,2,5002,150,ASPH-F,HIGH,30,43,,,F
CEC,18/36,2,5000,150,ASPH-F,MED,30,43,,,F
DAG,08/26,2,6402,150,ASPH-F,MED,30,170,320,,F
DAG,04/22,2,5123,100,ASPH-F,MED,30,105,190,,F
EMT,01/19,1,3995,75,ASPH-G,MED,12,,,,G
FOT,11/29,1,4004,100,ASPH-G,MED,30,,,,F
FAT,11L/29R,2,9539,150,ASPH-G,HIGH,70,170,250,,G
FAT,11R/29L,2,8008,150,ASPH-G,MED,70,170,250,,G
FUL,06/24,2,3121,75,ASPH-G,MED,12,,,,G
FUL,H1,2,37,37,CONC,,,,,,
HAF,12/30,1,5000,150,ASPH-CONC-F,MED,30,200,360,,G
HMT,04/22,2,2014,25,ASPH-F,,,,,,F
HMT,05/23,2,4315,100,ASPH-G,MED,80,130,,,G
WJF,06/24,1,7201,150,ASPH-G,MED,50,68,117,,G
NLC,14L/32R,2,13502,200,CONC,HIGH,,,,,
NLC,14R/32L,2,13501,200,CONC,HIGH,,,,,
LHM,15/33,2,6001,100,ASPH-G,MED,30,60,,,G
LHM,H1,2,60,60,CONC,PERI,,,,,
LVK,07L/25R,3,5253,100,ASPH-E,HIGH,45,90,,,G
LVK,07R/25L,3,2699,75,ASPH-E,MED,12,,,,G
LVK,H1,3,24,22,ASPH-G,,,,,,
LGB,H5,7,20,20,ASPH-G,,,,,,G
LGB,H4,7,20,20,ASPH-G,,,,,,G
LGB,H3,7,300,35,ASPH-G,,,,,,G
LGB,H2,7,20,20,ASPH-G,,,,,,G
LGB,12/30,7,10000,200,ASPH-G,HIGH,30,200,300,,G
LGB,08R/26L,7,3918,100,ASPH-G,HIGH,30,75,,,G
LGB,08L/26R,7,6192,150,ASPH-E,MED,30,70,110,,G
SLI,04L/22R,2,5901,150,PEM,MED,,,,,
SLI,04R/22L,2,7999,200,ASPH-CONC,HIGH,,,,,
WHP,12/30,1,4120,75,ASPH-G,MED,12,,,,G
LAX,07L/25R,4,12923,150,CONC-G,HIGH,175,225,400,900,G
LAX,06R/24L,4,10885,150,CONC-G,HIGH,175,225,400,900,G
LAX,06L/24R,4,8926,150,ASPH-CONC-G,HIGH,175,225,400,900,G
LAX,07R/25L,4,11095,200,ASPH-CONC-G,HIGH,175,225,400,900,G
MER,13/31,1,11802,150,ASPH-CONC-G,HIGH,155,200,415,720,G
MCE,12/30,1,5914,150,ASPH-G,HIGH,30,100,155,,G
MOD,10L/28R,2,5904,150,ASPH-G,HIGH,60,200,400,,G
MOD,10R/28L,2,3464,100,ASPH-G,MED,30,,,,G
SIY,17/35,1,7490,150,ASPH-G,MED,60,180,270,,G
MRY,10L/28R,2,3503,60,ASPH-F,MED,12,,,,G
MRY,10R/28L,2,7175,150,ASPH-G,HIGH,100,160,300,,G
NUQ,14L/32R,2,9197,200,CONC,HIGH,,,,,G
NUQ,14R/32L,2,8121,200,ASPH,HIGH,,,,,G
APC,01R/19L,3,2510,75,ASPH-G,,13,,,,G
APC,01L/19R,3,5930,150,ASPH-G,MED,102,134,120,,G
APC,06/24,3,5008,150,CONC-F,MED,60,76,120,,G
EED,11/29,2,5005,100,ASPH-P,MED,16,32,,,F
EED,02/20,2,4235,100,ASPH-F,MED,16,32,,,F
OAK,10R/28L,4,6213,150,ASPH-G,HIGH,75,210,500,900,G
OAK,12/30,4,10520,150,ASPH-G,HIGH,75,210,500,900,G
OAK,15/33,4,3376,75,ASPH-G,MED,12,65,100,,G
OAK,10L/28R,4,5457,150,ASPH-G,HIGH,75,210,500,900,G
ONT,08R/26L,2,10200,150,CONC-G,HIGH,30,200,560,850,G
ONT,08L/26R,2,12197,150,CONC-G,HIGH,30,200,560,850,G
OXR,07/25,1,5953,100,ASPH-F,MED,91,126,174,117,F
PMD,04/22,3,12001,150,CONC-G,HIGH,,,,,G
PMD,07/25,3,12002,200,CONC-G,HIGH,,,,,G
PMD,072/252,3,6000,75,CONC-E,,,,,,
TRM,17/35,2,8500,150,ASPH-G,MED,75,200,325,850,F
TRM,12/30,2,4995,100,ASPH-G,MED,20,60,,,G
PSP,13L/31R,2,4952,75,ASPH-G,MED,12,60,,,G
PSP,13R/31L,2,10000,150,ASPH-G,HIGH,105,200,330,800,G
PRB,H1,3,100,100,ASPH-E,PERI,,,,,G
PRB,01/19,3,6008,150,ASPH-G,HIGH,60,106,150,,G
PRB,13/31,3,4701,100,ASPH-G,MED,30,50,90,,G
PVF,05/23,2,3914,76,ASPH-G,MED,26,,,,F
PVF,H1,2,50,50,CONC,,,,,,G
PTV,12/30,1,5960,150,ASPH-G,HIGH,30,70,110,,F
RBL,15/33,1,5431,100,ASPH-E,MED,30,65,,,G
RDD,16/34,2,7003,150,ASPH-G,HIGH,98,128,195,,G
RDD,12/30,2,5067,150,ASPH-G,MED,60,72,110,,G
O32,16/34,1,3300,60,ASPH-E,MED,12,,,,G
RIV,12/30,2,3061,100,ASPH-P,,,,,,
RIV,14/32,2,13302,200,CONC-G,HIGH,,,,,G
SMF,17L/35R,2,8605,150,CONC-G,HIGH,120,239,439,961,G
SMF,17R/35L,2,8598,150,CONC-G,HIGH,120,239,439,961,G
MHR,H1,4,30,30,ASPH-F,,,,,,
MHR,H2,4,100,100,ASPH-F,,,,,,
MHR,04L/22R,4,6081,150,ASPH-G,MED,90,105,190,,G
MHR,04R/22L,4,11301,150,ASPH-CONC-G,HIGH,160,280,500,,G
SAC,12/30,3,3837,100,ASPH-G,MED,30,43,67,,G
SAC,H1,3,60,60,ASPH-G,PERI,,,,,
SAC,02/20,3,5503,150,ASPH-G,MED,60,130,210,,G
MCC,16/34,5,10599,150,CONC-G,HIGH,155,300,500,,G
MCC,H1,5,57,57,CONC,,,,,,
MCC,H2,5,57,57,CONC,,,,,,
MCC,H3,5,57,57,ASPH,,,,,,
MCC,H4,5,57,57,CONC,,,,,,
SNS,08/26,3,6004,150,ASPH-G,MED,25,32,62,,G
SNS,H1,3,90,90,ASPH-CONC,FLD,,,,,
SNS,13/31,3,4825,150,ASPH-G,HIGH,65,100,170,,G
SBD,06/24,1,10000,200,CONC-E,HIGH,97,265,890,960,G
SAN,09/27,1,9401,200,ASPH-CONC-E,HIGH,100,150,250,720,G
SFO,10R/28L,4,11381,200,ASPH-G,HIGH,75,200,400,877,G
SFO,01L/19R,4,7650,200,ASPH-G,HIGH,75,200,400,877,G
SFO,01R/19L,4,8650,200,ASPH-G,HIGH,75,200,400,877,G
SFO,10L/28R,4,11870,200,ASPH-G,HIGH,75,200,400,877,G
SJC,12L/30R,2,11000,150,CONC-G,HIGH,220,250,605,,G
SJC,12R/30L,2,11000,150,CONC-G,HIGH,220,250,605,875,G
SBP,07/25,2,2500,100,ASPH-G,,12,12,,,G
SBP,11/29,2,6101,150,ASPH-G,HIGH,112,147,,,G
SNA,02L/20R,3,5700,150,ASPH-G,HIGH,70,200,300,,G
SNA,02R/20L,3,2886,75,ASPH-G,MED,25,60,,,G
SNA,20X,3,0,0,,,,,,,
SBA,15R/33L,3,4184,100,ASPH-G,MED,48,63,100,,G
SBA,07/25,3,6052,150,ASPH-G,HIGH,110,160,245,,G
SBA,15L/33R,3,4180,75,ASPH-G,,35,41,63,,G
SMX,12/30,2,8004,150,ASPH-G,HIGH,75,181,400,,G
SMX,02/20,2,5199,75,ASPH-G,,70,90,150,,G
STS,02/20,2,5202,100,ASPH-G,MED,109,154,254,,G
STS,14/32,2,6000,150,ASPH-G,HIGH,120,184,300,,G
MIT,08/26,3,3680,60,ASPH-G,,125,,,,G
MIT,12/30,3,4501,100,ASPH-G,MED,22,,,,G
MIT,17/35,3,2972,100,CONC-G,,25,30,,,G
TVL,18/36,1,8541,100,ASPH-E,MED,70,125,210,,G
SCK,11L/29R,3,10249,150,ASPH-G,HIGH,40,150,360,650,G
SCK,11R/29L,3,4448,75,ASPH-G,,12,,,,G
SCK,H1,3,70,70,CONC-G,,45,55,,,
TOA,11L/29R,3,5001,150,ASPH-CONC-F,MED,30,50,90,,F
TOA,11R/29L,3,3000,75,ASPH-CONC-F,MED,28,,,,F
TOA,H1,3,110,110,ASPH-G,PERI,,,,,
TRK,02/20,2,4654,75,ASPH-G,MED,35,50,,,G
TRK,11/29,2,7001,100,ASPH-G,MED,50,80,,,G
UKI,15/33,1,4423,150,ASPH-E,MED,28,,,,G
VNY,16R/34L,2,8001,150,ASPH-G,HIGH,90,120,210,,G
VNY,16L/34R,2,4013,75,ASPH-G,MED,14,,,,F
WVI,09/27,2,3998,98,ASPH-F,,45,65,,,F
WVI,02/20,2,4502,149,ASPH-E,MED,81,96,167,,G
ALS,02/20,1,8521,100,ASPH-G,HIGH,52,70,,,F
ASE,00X,2,0,0,,,,,,,
ASE,15/33,2,8006,100,ASPH-G,MED,80,100,160,,G
1V6,17/35,2,1800,35,TURF-GRVL-P,,,,,,
1V6,11/29,2,5399,75,ASPH-G,MED,26,26,,,F
COS,13/31,3,8270,150,ASPH-G,MED,120,171,279,691,G
COS,17L/35R,3,13500,150,CONC-G,HIGH,120,250,550,1120,G
COS,17R/35L,3,11022,150,ASPH-G,HIGH,120,250,550,1120,G
CEZ,03/21,1,7205,100,ASPH-G,MED,40,56,,,G
BJC,12R/30L,3,7002,75,ASPH-G,MED,47,61,,,F
BJC,12L/30R,3,9000,100,ASPH-G,HIGH,65,105,150,,F
BJC,03/21,3,3600,75,ASPH-F,MED,40,45,65,,F
APA,17R/35L,4,7001,75,ASPH-G,MED,30,,,,G
APA,H1,4,50,50,CONC-G,PERI,,,,,
APA,10/28,4,4800,75,ASPH-G,MED,12,,,,G
APA,17L/35R,4,10001,100,ASPH-G,MED,56,75,,,G
DRO,03/21,1,9201,150,ASPH-G,HIGH,95,150,210,,G
EGE,07/25,2,9000,150,ASPH-E,HIGH,75,140,255,,G
EGE,25X,2,0,0,,,,,,,
FNL,15/33,2,8500,100,ASPH-G,HIGH,50,65,130,,G
FNL,06/24,2,2189,40,ASPH-G,,,,,,G
FMM,14/32,3,5731,75,ASPH-G,MED,30,,,,G
FMM,08/26,3,2468,100,TURF-F,,,,,,
FMM,17/35,3,5216,80,TURF-DIRT-F,,,,,,
GNB,09/27,1,5001,75,ASPH-F,LOW,15,15,,,P
GJT,11/29,2,10503,150,ASPH-E,HIGH,110,180,260,,F
GJT,04/22,2,5501,75,ASPH-G,MED,26,26,,,F
HDN,10/28,1,10000,150,ASPH-G,HIGH,75,170,260,,G
MVI,16/34,3,2300,30,DIRT-F,,,,,,P
MVI,10/28,3,2100,50,DIRT-P,,,,,,P
MVI,02/20,3,5902,60,ASPH-F,MED,12,,,,F
MTJ,17/35,2,10000,150,ASPH-G,HIGH,75,190,265,,G
MTJ,13/31,2,7510,100,ASPH-G,HIGH,65,90,150,,G
PUB,08L/26R,3,4690,75,ASPH-G,MED,20,,,,G
PUB,17/35,3,8310,150,ASPH-G,MED,93,110,170,,G
PUB,08R/26L,3,10498,150,ASPH-G,HIGH,75,170,250,,G
RIL,08/26,1,7000,100,ASPH-G,HIGH,90,200,250,,G
SBS,14/32,1,4452,100,ASPH-G,HIGH,50,60,,,F
BDR,11/29,2,4759,150,ASPH-F,HIGH,30,108,,,F
BDR,06/24,2,4677,100,ASPH-E,HIGH,57,80,,,G
GON,05/23,2,5000,150,ASPH-G,HIGH,90,113,200,,G
GON,15/33,2,4000,96,ASPH-G,HIGH,90,113,,,G
BDL,15/33,2,6847,150,ASPH-E,HIGH,200,200,350,,G
BDL,06/24,2,9510,200,ASPH-E,HIGH,200,200,350,710,G
IAD,01R/19L,4,11500,150,CONC-G,HIGH,200,250,450,875,G
IAD,01C/19C,4,11500,150,CONC-E,HIGH,200,250,450,875,G
IAD,12/30,4,10501,150,CONC-G,HIGH,200,250,450,875,G
IAD,01L/19R,4,9400,150,CONC-E,HIGH,200,250,450,875,G
HEF,16L/34R,2,6200,100,ASPH-G,HIGH,50,140,,,G
HEF,16R/34L,2,3715,75,ASPH-E,MED,12,,,,G
BOW,09L/27R,3,5000,150,ASPH-G,MED,,,,,G
BOW,09R/27L,3,4400,150,ASPH-CONC-P,,,,,,G
BOW,05/23,3,5000,100,ASPH-P,MED,35,60,110,,G
BCT,05/23,1,6276,150,ASPH-G,MED,66,95,,,F
BKV,09/27,2,7001,150,CONC-G,MED,90,130,230,,G
BKV,03/21,2,5014,150,CONC-G,MED,50,75,135,,G
CLW,16/34,1,4108,75,ASPH-F,MED,,,,,F
CEW,17/35,1,8006,150,ASPH-F,HIGH,60,120,170,,G
FLL,10L/28R,2,9000,150,ASPH-CONC-E,HIGH,100,200,468,800,G
FLL,10R/28L,2,8000,150,CONC-E,HIGH,120,247,461,987,G
FXE,13/31,2,4000,100,ASPH-G,MED,30,60,,,G
FXE,09/27,2,6002,100,ASPH-G,HIGH,56,81,,,G
RSW,06/24,1,12000,150,ASPH-F,HIGH,120,250,538,1045,G
FPR,10R/28L,3,6492,150,ASPH-F,MED,50,110,230,,G
FPR,14/32,3,4755,100,ASPH-E,MED,15,,,,G
FPR,10L/28R,3,4000,75,ASPH-G,MED,15,,,,G
JAX,14/32,2,7701,150,CONC-G,HIGH,120,250,480,1000,G
JAX,08/26,2,10000,150,CONC-G,HIGH,120,250,485,1005,F
VQQ,09R/27L,6,8003,200,ASPH-CONC-G,HIGH,,,,,F
VQQ,09L/27R,6,4439,200,ASPH-CONC-G,,,,,,G
VQQ,H1,6,70,70,CONC-G,,,,,,G
VQQ,H2,6,70,70,CONC-G,,,,,,G
VQQ,18L/36R,6,12503,200,ASPH-CONC-G,HIGH,,,,,G
VQQ,18R/36L,6,8002,200,ASPH-CONC-P,,,,,,F
CRG,14/32,2,4008,100,ASPH-E,HIGH,30,,,,F
CRG,05/23,2,4004,100,ASPH-F,MED,30,,,,F
EYW,09/27,1,5076,100,ASPH-E,MED,75,125,195,,F
LCQ,10/28,2,8003,150,ASPH-E,MED,75,105,250,,G
LCQ,05/23,2,4000,75,ASPH-E,MED,,,,,G
LAL,05/23,3,5000,150,ASPH-F,HIGH,94,150,,,G
LAL,08/26,3,2208,60,TURF-F,,,,,,G
LAL,10/28,3,8500,150,ASPH-E,HIGH,50,250,550,1120,G
MKY,17/35,1,5000,100,ASPH-G,MED,75,108,,,F
MLB,09L/27R,3,6000,150,ASPH-E,MED,60,60,,,G
MLB,05/23,3,3001,75,ASPH-E,MED,26,,,,G
MLB,09R/27L,3,10181,150,ASPH-E,HIGH,100,165,300,,G
MIA,09/27,4,13016,150,ASPH-G,HIGH,130,210,420,850,G
MIA,08L/26R,4,8600,150,ASPH-G,HIGH,130,210,420,850,G
MIA,08R/26L,4,10506,200,ASPH-G,HIGH,130,210,420,850,G
MIA,12/30,4,9360,150,ASPH-G,HIGH,130,210,420,850,G
2R4,18/36,1,3701,75,ASPH-G,MED,22,,,,F
APF,NE/SW,3,1850,100,TURF-G,,,,,,G
APF,14/32,3,5001,100,ASPH-G,MED,,75,,,F
APF,05/23,3,6600,150,ASPH-F,MED,,75,,,G
EVB,02/20,3,4000,100,ASPH-P,,55,,,,G
EVB,07/25,3,5000,75,ASPH-G,MED,55,,,,F
EVB,11/29,3,4319,75,ASPH-G,MED,55,,,,F
OCF,18/36,2,7467,150,ASPH-G,HIGH,111,181,328,,F
OCF,08/26,2,3009,50,ASPH-G,,30,,,,F
ISM,15/33,2,6001,100,ASPH-G,MED,114,189,300,,G
ISM,06/24,2,5001,100,ASPH-G,MED,89,140,,,F
MCO,17L/35R,4,9001,150,CONC-G,HIGH,75,210,420,900,G
MCO,17R/35L,4,10000,150,CONC-G,HIGH,75,210,400,,G
MCO,18L/36R,4,12005,200,ASPH-CONC-G,HIGH,165,200,400,,G
MCO,18R/36L,4,12004,200,ASPH-CONC-G,HIGH,100,200,400,,G
ORL,13/31,2,4625,100,ASPH-F,HIGH,35,60,,,F
ORL,07/25,2,6004,150,ASPH-F,HIGH,45,100,115,,G
ECP,16/34,1,10000,150,CONC-E,HIGH,100,155,400,750,G
SRQ,04/22,2,5006,150,ASPH-G,HIGH,120,219,404,,F
SRQ,14/32,2,9500,150,ASPH-F,HIGH,118,196,358,,F
SUA,16/34,3,5000,100,ASPH-E,,55,90,160,,G
SUA,07/25,3,4653,100,ASPH-F,MED,58,95,170,,G
SUA,12/30,3,5828,100,ASPH-G,MED,65,105,190,,G
TLH,09/27,2,8000,150,ASPH-G,HIGH,115,170,330,,G
TLH,18/36,2,7000,150,ASPH-P,HIGH,115,170,330,,F
X21,04/22,2,1805,100,TURF-G,,,,,,G
X21,15/33,2,2961,70,ASPH-G,MED,12,,,,G
TIX,18/36,2,7319,150,ASPH-F,HIGH,80,110,190,,F
TIX,09/27,2,5000,100,ASPH-E,MED,50,80,,,F
VNC,05/23,2,5000,150,ASPH-G,MED,75,108,,,G
VNC,13/31,2,5640,150,ASPH-G,MED,75,108,,,G
X60,05/23,3,6669,100,CONC-G,HIGH,72,95,160,,F
X60,18/36,3,2051,60,TURF-F,,,,,,F
X60,14/32,3,4979,60,ASPH-G,MED,38,,,,F
AHN,02/20,2,3995,100,ASPH-F,MED,40,45,,,P
AHN,09/27,2,6122,100,ASPH-E,HIGH,65,125,,,G
FFC,H1,2,40,40,ASPH-E,,,,,,
FFC,13/31,2,5768,100,ASPH-G,MED,48,60,,,F
RYY,09/27,1,6295,100,CONC-G,HIGH,,,,,G
PDK,03L/21R,4,3746,150,ASPH-F,MED,20,,,,G
PDK,03R/21L,4,6001,100,CONC-G,HIGH,46,75,,,G
PDK,16/34,4,3968,150,ASPH-F,MED,20,,,,F
PDK,H1,4,56,56,CONC-G,PERI,,,,,
DNL,11/29,2,3733,100,ASPH-G,MED,30,,,,G
DNL,05/23,2,4002,100,ASPH-G,MED,30,,,,G
AGS,17/35,2,8001,150,CONC-G,HIGH,155,160,450,975,G
AGS,08/26,2,6002,75,ASPH-E,MED,52,71,126,,G
18A,08/26,1,5000,75,ASPH-G,MED,15,,,,G
CNI,05/23,1,5003,75,ASPH-G,MED,26,,,,G
CTJ,17/35,1,5503,100,ASPH-G,HIGH,43,56,83,,G
48A,11/29,2,4400,75,ASPH-G,MED,,,,,G
48A,05/23,2,3202,50,ASPH-F,,25,,,,G
HMP,06/24,1,5509,100,ASPH-G,MED,30,45,,,G
AZE,14/32,1,5012,75,ASPH-G,MED,30,,,,G
JZP,16/34,1,5000,100,ASPH-F,MED,60,95,,,F
09J,18/36,1,3715,75,ASPH-G,MED,20,,,,G
LZU,07/25,1,6001,100,ASPH-G,HIGH,93,120,,,G
SAV,10/28,2,9351,150,CONC-G,HIGH,75,190,310,,G
SAV,01/19,2,7002,150,CONC-G,HIGH,75,190,310,,G
OPN,12/30,1,6350,100,ASPH-G,MED,20,50,,,G
VDI,07/25,2,6002,100,CONC-F,HIGH,30,48,85,,F
VDI,14/32,2,5002,75,CONC-G,,30,48,85,,G
WDR,05/23,2,3607,100,ASPH-G,MED,20,,,,G
WDR,13/31,2,5202,100,ASPH-G,HIGH,20,,,,G
BOI,10L/28R,2,10000,150,ASPH-G,HIGH,100,210,446,947,G
BOI,10R/28L,2,9763,150,ASPH-G,HIGH,100,210,430,994,G
65S,02/20,1,4002,75,ASPH-G,MED,25,,,,G
LLJ,17/35,1,4601,60,ASPH-E,MED,30,,,,G
COE,02/20,2,5400,75,ASPH-G,MED,50,83,150,,G
COE,06/24,2,7400,100,ASPH-G,HIGH,57,95,165,,G
GIC,08/26,1,5101,75,ASPH-E,MED,75,95,145,,G
SUN,13/31,1,7550,100,ASPH-G,HIGH,65,95,150,,G
IDA,03/21,2,9002,150,ASPH-G,HIGH,140,175,270,,G
IDA,17/35,2,3964,75,ASPH-G,MED,43,58,,,G
JER,09/27,1,5002,75,ASPH-E,MED,20,,,,G
LWS,12/30,2,5003,75,ASPH-E,MED,118,196,,,G
LWS,08/26,2,6511,150,ASPH-E,HIGH,150,180,400,,G
MYL,16/34,1,6101,75,ASPH-G,MED,86,141,261,,G
MAN,11/29,1,5000,75,ASPH-G,MED,26,50,60,,F
PIH,03/21,2,9059,150,ASPH-G,HIGH,100,160,265,,G
PIH,17/35,2,7150,100,ASPH-G,MED,74,110,199,,F
U10,04/22,2,3558,60,ASPH-G,MED,12,,,,G
U10,17/35,2,2375,30,GRVL-DIRT-G,,,,,,F
SMN,17/35,1,5510,75,ASPH-G,MED,12,,,,G
SZT,02/20,1,5501,75,ASPH-G,MED,40,,,,G
TWF,08/26,2,8704,150,ASPH-G,HIGH,75,200,250,,G
TWF,12/30,2,3224,75,ASPH-F,,19,,,,G
CPS,05/23,3,2799,75,ASPH-F,MED,12,,,,F
CPS,12L/30R,3,5301,75,CONC-F,MED,30,30,,,F
CPS,12R/30L,3,7002,150,ASPH-E,HIGH,65,95,175,,G
UGN,05/23,2,6001,150,ASPH-G,HIGH,95,120,200,,G
UGN,14/32,2,3750,75,ASPH-G,MED,16,23,,,G
DPA,02R/20L,4,6451,100,CONC-G,MED,30,45,,,G
DPA,15/33,4,3399,100,ASPH-G,MED,30,45,100,,G
DPA,10/28,4,4750,75,ASPH-G,HIGH,30,45,,,G
DPA,02L/20R,4,7571,150,CONC-G,HIGH,30,45,,,G
MLI,05/23,3,3515,150,CONC-G,MED,60,75,120,,F
MLI,09/27,3,10002,150,CONC-G,HIGH,100,173,353,,G
MLI,13/31,3,7301,150,ASPH-CONC-G,HIGH,60,140,200,,G
PIA,13/31,2,10104,150,CONC-G,HIGH,100,175,310,,G
PIA,04/22,2,8004,150,ASPH-F,HIGH,100,175,300,,F
RFD,07/25,2,10002,150,ASPH-CONC-G,HIGH,100,190,360,850,G
RFD,01/19,2,8200,150,ASPH-CONC-G,HIGH,100,210,390,850,G
SPI,13/31,2,7400,150,ASPH-F,HIGH,70,90,160,,G
SPI,04/22,2,8001,150,CONC-F,HIGH,100,200,350,,G
BAK,05/23,2,6401,150,CONC-E,HIGH,75,130,200,,G
BAK,14/32,2,5000,100,CONC-E,MED,120,171,290,735,G
EVV,04/22,3,8021,150,ASPH-G,HIGH,100,175,300,,G
EVV,09/27,3,3497,75,ASPH-G,MED,30,40,60,,G
EVV,18/36,3,6286,150,ASPH-G,HIGH,100,175,300,,G
GYY,02/20,2,3604,100,ASPH-F,MED,18,28,,,F
GYY,12/30,2,8859,150,CONC-G,HIGH,75,157,175,250,G
HFY,01/19,1,5102,75,ASPH-E,MED,,,,,G
IND,05L/23R,3,11200,150,CONC-G,HIGH,145,300,550,,G
IND,05R/23L,3,10000,150,CONC-G,HIGH,145,300,550,,G
IND,14/32,3,7278,150,ASPH-G,HIGH,145,300,550,,G
LAF,10/28,2,6600,150,ASPH-G,HIGH,90,110,165,,F
LAF,05/23,2,4225,100,ASPH-G,MED,48,58,90,,F
RID,15/33,2,4999,100,ASPH-F,MED,30,40,60,,G
RID,06/24,2,5502,150,ASPH-E,MED,30,40,60,,G
DBQ,13/31,2,6502,100,CONC-G,HIGH,75,125,215,,G
DBQ,18/36,2,6327,150,CONC-G,HIGH,75,173,275,,G
GCK,17/35,2,7299,100,CONC-G,HIGH,76,91,125,,G
GCK,12/30,2,5700,100,CONC-G,MED,48,60,,,G
HUT,17/35,3,4012,75,CONC-E,MED,43,58,76,,G
HUT,13/31,3,7003,100,ASPH-E,HIGH,44,58,103,,F
HUT,04/22,3,4405,100,ASPH-F,MED,42,52,76,,G
LBL,17/35,2,7105,100,CONC-E,HIGH,80,100,,,G
LBL,04/22,2,5000,75,CONC-E,MED,30,60,,,G
EWK,17/35,2,7003,100,CONC-G,HIGH,50,75,135,,G
EWK,08/26,2,3501,60,ASPH-G,MED,13,,,,G
TOP,18/36,2,4331,75,ASPH-G,MED,60,80,96,,F
TOP,13/31,2,5099,100,ASPH-G,HIGH,50,72,110,,G
ICT,01R/19L,3,7302,150,CONC-G,HIGH,125,240,400,,G
ICT,14/32,3,6301,150,CONC-G,HIGH,100,190,280,,G
ICT,01L/19R,3,10302,150,CONC-G,HIGH,100,210,300,,G
AAO,18/36,1,6101,100,CONC-G,MED,40,62,,,G
IAB,01L/19R,2,12000,150,ASPH-CONC,HIGH,,,,,
IAB,01R/19L,2,12007,150,ASPH-F,HIGH,,,,,F
BWG,12/30,2,3956,150,ASPH-P,MED,25,40,,,G
BWG,03/21,2,6501,150,ASPH-G,HIGH,120,221,358,,F
FFT,07/25,1,5506,100,ASPH-G,MED,76,100,82,,G
GLW,08/26,1,5302,100,ASPH-G,MED,43,62,,,G
LOZ,06/24,1,5751,150,ASPH-G,MED,61,82,151,,G
2I0,05/23,1,6051,100,ASPH-F,HIGH,92,127,,,F
M25,01/19,1,5002,100,ASPH-F,MED,16,,,,P
EKQ,03/21,1,4000,75,ASPH-G,MED,12,,,,P
IOB,03/21,1,5000,75,ASPH-G,MED,20,,,,G
PAH,05/23,2,6500,150,ASPH-G,HIGH,76,99,170,,G
PAH,14/32,2,5499,150,ASPH-G,MED,75,100,170,,G
SJS,03/21,1,5000,100,ASPH-E,MED,19,,,,G
HUM,18/36,2,6508,150,CONC-G,MED,116,224,406,907,G
HUM,12/30,2,4999,185,CONC-G,MED,50,70,137,,G
LFT,11/29,3,5400,148,ASPH-G,MED,85,110,175,,G
LFT,04R/22L,3,8000,150,ASPH-G,HIGH,140,170,290,,G
LFT,04L/22R,3,4099,75,ASPH-F,MED,25,32,,,F
MLU,14/32,2,6301,150,ASPH-G,MED,75,170,290,,G
MLU,04/22,2,7504,150,ASPH-G,HIGH,75,170,290,,G
NEW,18L/36R,3,3697,75,ASPH-G,MED,35,55,80,,G
NEW,18R/36L,3,6879,150,ASPH-G,MED,60,175,200,350,G
NEW,09/27,3,3114,75,ASPH-F,MED,50,80,100,,G
SHV,14/32,2,8348,200,ASPH-E,HIGH,75,190,400,,G
SHV,06/24,2,7003,150,ASPH-E,MED,75,158,280,,G
TVR,18/36,1,5002,100,ASPH-G,MED,60,75,,,G
BGR,H1,2,100,100,CONC-G,,,,,,
BGR,15/33,2,11440,200,ASPH-G,HIGH,100,210,400,,G
RKD,03/21,2,4000,100,ASPH-G,MED,65,80,,,G
RKD,13/31,2,5412,100,ASPH-E,HIGH,65,80,,,G
SFM,07/25,2,6389,100,ASPH-G,HIGH,65,100,,,G
SFM,14/32,2,4999,100,ASPH-G,MED,,72,,,G
BWI,10/28,3,10503,150,ASPH-G,HIGH,80,220,1020,1340,G
BWI,15L/33R,3,5000,100,ASPH-F,HIGH,30,45,,,G
BWI,15R/33L,3,9501,150,ASPH-G,HIGH,80,220,675,890,G
FDK,12/30,2,3599,75,ASPH-G,MED,,,,,F
FDK,05/23,2,5819,100,ASPH-G,HIGH,60,,,,G
AQW,11/29,1,4300,100,ASPH-E,MED,25,,,,G
OWD,10/28,2,3995,75,ASPH-G,,58,69,,,G
OWD,17/35,2,4007,100,ASPH-G,MED,58,69,,,G
GLR,09/27,2,6579,150,ASPH-G,HIGH,,100,,,F
GLR,18/36,2,4200,75,ASPH-G,MED,12,,,,F
OZW,13/31,1,5002,100,CONC-G,HIGH,100,,,,F
LAN,10R/28L,3,8506,150,ASPH-G,HIGH,100,175,300,,G
LAN,06/24,3,5003,120,ASPH-F,MED,45,65,100,,G
LAN,10L/28R,3,3601,75,ASPH-F,,12,,,,F
SAW,01/19,1,9072,150,ASPH-G,HIGH,114,181,317,741,F
OSC,07/25,1,11800,200,ASPH-G,HIGH,155,330,550,,G
PLN,05/23,2,5401,150,ASPH-G,MED,76,115,215,,F
PLN,14/32,2,6513,150,ASPH-G,HIGH,76,115,215,,F
LWA,05/23,2,4800,75,ASPH-G,MED,12,,,,G
LWA,14/32,2,3260,190,TURF-F,,,,,,
TVC,10/28,2,7016,150,ASPH-F,HIGH,120,230,440,,G
TVC,18/36,2,5378,150,ASPH-F,MED,70,110,190,,G
AIT,08/26,2,3123,140,TURF-G,,,,,,
AIT,16/34,2,4000,75,ASPH-F,MED,12,,,,G
AUM,17/35,1,5800,100,CONC-G,HIGH,100,135,,,G
BJI,13/31,2,7004,150,ASPH-E,HIGH,75,200,,,G
BJI,07/25,2,5700,150,ASPH-E,MED,75,200,,,G
BRD,H1,3,60,60,CONC-G,PERI,,,,,G
BRD,05/23,3,6512,150,CONC-G,HIGH,75,125,220,,G
BRD,16/34,3,7100,150,CONC-E,HIGH,75,125,220,,G
COQ,18/36,2,4002,75,ASPH-F,MED,8,12,,,G
COQ,07/25,2,3100,75,ASPH-F,MED,,,,,G
DLH,03/21,2,5719,150,ASPH-G,MED,52,100,361,,G
DLH,09/27,2,10591,150,CONC-F,HIGH,94,180,650,,G
ELO,12/30,1,5596,100,ASPH-G,MED,99,159,,,G
GPZ,16/34,2,5756,100,ASPH-G,HIGH,23,38,78,,G
GPZ,05/23,2,3000,60,ASPH-G,MED,125,,,,G
HIB,13/31,2,6758,150,ASPH-E,HIGH,60,100,160,,G
HIB,04/22,2,3075,75,ASPH-E,,35,45,,,G
INL,04/22,2,2999,75,ASPH-F,,12,,,,F
INL,13/31,2,7400,150,ASPH-G,HIGH,100,125,190,,G
MKT,04/22,2,4000,75,ASPH-G,MED,18,25,,,G
MKT,15/33,2,6600,100,CONC-G,HIGH,60,120,155,237,G
MSP,12L/30R,4,8200,150,CONC-F,HIGH,100,200,400,850,G
MSP,12R/30L,4,10000,200,CONC-G,HIGH,100,200,400,850,G
MSP,17/35,4,8000,150,CONC-G,HIGH,100,200,400,850,G
MSP,04/22,4,11006,150,CONC-G,HIGH,100,200,400,850,G
ANE,18/36,2,4855,100,ASPH-G,MED,23,60,,,G
ANE,09/27,2,5000,100,ASPH-G,HIGH,23,60,,,G
FCM,10L/28R,3,3901,75,ASPH-F,MED,12,,,,G
FCM,10R/28L,3,5001,100,ASPH-G,HIGH,30,60,,,G
FCM,18/36,3,2690,75,ASPH-G,MED,12,,,,G
RST,02/20,2,7301,150,CONC-G,MED,100,175,300,,G
RST,13/31,2,9034,150,CONC-G,HIGH,100,175,300,,G
STP,09/27,3,3642,100,ASPH-G,MED,12,,,,G
STP,13/31,3,4004,150,ASPH-G,HIGH,97,135,228,,G
STP,14/32,3,6491,150,ASPH-G,HIGH,83,111,197,,G
SGS,16/34,1,4002,100,ASPH-G,MED,30,57,,,G
TWM,06/24,2,4400,75,ASPH-G,MED,,,,,F
TWM,15/33,2,2581,150,TURF-G,,,,,,
RRT,04/22,2,2987,150,TURF-G,,,,,,
RRT,13/31,2,5400,100,ASPH-G,HIGH,30,40,,,G
HSA,18/36,1,8498,150,ASPH-G,HIGH,,,472,955,P
GTR,18/36,1,8003,150,ASPH-G,HIGH,120,239,385,669,G
JAN,16L/34R,2,8500,150,ASPH-G,HIGH,75,200,390,850,G
JAN,16R/34L,2,8500,150,ASPH-E,HIGH,130,140,250,720,G
MEI,04/22,2,4599,150,ASPH-P,MED,78,118,211,,F
MEI,01/19,2,10003,150,ASPH-CONC-G,HIGH,120,250,550,,F
HEZ,18/36,2,5000,150,ASPH-P,MED,83,113,65,,P
HEZ,13/31,2,6500,150,ASPH-P,HIGH,50,78,172,,F
UOX,09/27,1,5600,100,ASPH-F,MED,38,55,90,,F
VKS,01/19,1,5001,100,ASPH-F,MED,30,50,90,,F
M17,18/36,1,4000,75,ASPH-E,MED,12,,,,G
BBG,14/32,1,7140,150,CONC-G,HIGH,75,200,350,700,G
CGI,10/28,2,6500,150,CONC-G,HIGH,93,125,215,,G
CGI,02/20,2,3997,100,ASPH-CONC-F,MED,45,60,100,,G
AIZ,04/22,1,6497,100,ASPH-G,MED,55,70,215,,F
MKC,01/19,2,6827,150,CONC-E,HIGH,86,171,342,,G
MKC,03/21,2,5050,100,ASPH-E,HIGH,48,73,136,,G
TKX,18/36,2,3012,75,ASPH-G,MED,10,,,,G
TKX,02/20,2,5000,75,CONC-G,MED,30,42,,,G
IRK,09/27,2,1370,100,TURF-G,,,,,,
IRK,18/36,2,6005,100,CONC-F,HIGH,30,48,85,,F
MBY,05/23,2,3350,60,CONC-E,MED,4,,,,G
MBY,13/31,2,5000,75,CONC-E,MED,30,38,,,G
VIH,13/31,2,5501,100,ASPH-F,MED,48,62,92,,F
VIH,04/22,2,5500,100,ASPH-E,MED,75,85,130,,G
SIK,03/21,1,5502,100,ASPH-G,MED,30,38,,,P
SGF,02/20,2,7003,150,CONC-G,HIGH,135,170,300,,G
SGF,14/32,2,8000,150,CONC-E,HIGH,135,170,300,,G
BHK,13/31,1,5904,75,ASPH-E,MED,20,26,,,G
6S0,06/24,2,5285,75,ASPH-G,MED,12,,,,G
6S0,18/36,2,3475,75,TURF-G,,,,,,
BIL,10R/28L,3,3800,75,ASPH-G,MED,12,,,,F
BIL,10L/28R,3,10518,150,ASPH-G,HIGH,120,214,365,,G
BIL,07/25,3,5501,75,ASPH-G,MED,12,,,,G
BZN,11/29,4,5050,75,ASPH-G,MED,12,,,,G
BZN,12/30,4,8994,150,ASPH-G,HIGH,120,250,550,1120,G
BZN,03/21,4,2650,75,ASPH-G,,12,,,,G
BZN,11G/29G,4,2802,80,TURF-G,,,,,,
8S0,06/24,1,4051,74,ASPH-G,MED,,,,,F
BTM,12/30,2,5100,75,ASPH-G,MED,12,,,,G
BTM,15/33,2,9000,150,ASPH-G,MED,60,125,175,,G
LTY,07/25,2,4607,75,ASPH-E,MED,12,,,,G
LTY,16/34,2,1710,60,TURF-F,,,,,,
6S3,10/28,1,3800,75,ASPH-E,MED,12,,,,G
CTB,14/32,2,5300,75,ASPH-E,MED,27,37,,,G
CTB,05/23,2,5300,75,ASPH-E,MED,27,37,,,G
38S,13/31,1,5800,75,ASPH-E,MED,50,75,,,G
DLN,17/35,2,6501,75,ASPH-E,MED,58,75,129,,G
DLN,04/22,2,3600,60,ASPH-E,MED,12,,,,G
GTF,17/35,2,6030,150,ASPH-G,MED,87,140,245,245,G
GTF,03/21,2,10502,150,ASPH-G,HIGH,116,225,424,915,G
HRF,17/35,1,5200,75,ASPH-E,MED,40,53,,,G
HLN,09/27,4,9000,150,ASPH-G,HIGH,,160,250,420,G
HLN,05/23,4,4644,75,ASPH-F,MED,21,30,,,G
HLN,17/35,4,2989,75,ASPH-F,MED,,,,,G
HLN,10/28,4,1584,75,TURF,,,,,,
GPI,02/20,2,9007,150,ASPH-G,HIGH,115,198,321,,G
GPI,12/30,2,3510,75,ASPH-G,MED,25,40,,,G
LWT,03/21,3,5600,101,ASPH-P,,12,80,120,,P
LWT,08/26,3,6100,100,ASPH-G,MED,40,55,95,,G
LWT,13/31,3,4102,62,ASPH-G,MED,12,,,,G
MLS,04/22,2,5764,75,ASPH-E,MED,24,24,,,G
MLS,13/31,2,5624,100,ASPH-G,MED,38,55,85,,G
MSO,08/26,2,4612,75,ASPH-F,MED,30,50,,,G
MSO,12/30,2,9501,150,ASPH-G,HIGH,145,170,255,,G
8S1,18/36,2,4194,75,ASPH-G,MED,17,,,,G
8S1,03W/21W,2,4000,500,WATER,,,,,,
7S0,16/34,1,4798,75,ASPH-E,MED,,,,,G
SDY,01/19,2,5705,100,ASPH-G,MED,46,61,109,,G
SDY,11/29,2,4024,100,ASPH-G,MED,12,18,,,G
32S,12/30,1,3809,75,ASPH-G,MED,12,,,,G
RVF,07/25,2,2866,100,TURF-DIRT-G,,,,,,
RVF,17/35,2,6000,60,ASPH-G,MED,60,78,99,,G
WYS,01/19,1,8400,150,ASPH-G,HIGH,90,150,280,,G
FET,14/32,1,6353,100,CONC-G,MED,28,48,,,G
EAR,13/31,2,4498,75,CONC-E,MED,30,38,,,G
EAR,18/36,2,7094,100,CONC-E,HIGH,46,62,,,G
LNK,18/36,3,12901,200,ASPH-CONC-F,HIGH,100,200,400,,G
LNK,17/35,3,5801,100,ASPH-G,MED,45,59,,,G
LNK,14/32,3,8649,150,ASPH-F,MED,80,170,280,,G
LBF,12/30,2,8001,150,CONC-E,HIGH,75,110,190,,G
LBF,17/35,2,4436,100,CONC-E,MED,28,48,86,,G
OMA,14L/32R,3,8500,150,CONC-E,HIGH,100,209,345,,G
OMA,14R/32L,3,9502,150,CONC-E,HIGH,100,184,346,,G
OMA,18/36,3,8154,150,CONC-E,HIGH,150,175,260,,G
BFF,05/23,2,8002,150,ASPH-G,MED,98,158,285,,G
BFF,12/30,2,8279,150,ASPH-G,HIGH,109,178,321,,G
SNY,03/21,2,4705,75,TURF-G,,,,,,F
SNY,13/31,2,6600,100,CONC-G,HIGH,32,52,96,,G
BAM,04/22,4,7300,150,ASPH-G,MED,30,125,,,F
BAM,13/31,4,7299,100,ASPH-F,MED,30,104,,,P
BAM,H1,4,60,60,CONC-G,PERI,,,,,
BAM,H2,4,60,60,CONC-G,,,,,,
BVU,15/33,2,3852,75,ASPH-G,MED,12,,,,G
BVU,09/27,2,5103,75,ASPH-G,MED,12,,,,G
CXP,09/27,1,6101,75,ASPH-E,MED,30,60,,,G
EKO,12/30,2,3015,60,ASPH-G,,12,,,,G
EKO,06/24,2,7454,150,ASPH-G,MED,78,105,170,,G
ELY,12/30,2,4825,60,ASPH-G,MED,15,,,,G
ELY,18/36,2,6017,150,ASPH-E,HIGH,70,85,130,,G
INS,08/26,2,9002,150,ASPH,MED,,,,,
INS,13/31,2,5476,100,ASPH,,,,,,
VGT,12L/30R,3,4199,75,ASPH-G,MED,30,,,,G
VGT,07/25,3,5005,75,ASPH-G,MED,30,,,,G
VGT,12R/30L,3,5000,75,ASPH-G,MED,30,,,,G
HND,17R/35L,2,6501,100,ASPH-E,MED,30,60,,,G
HND,17L/35R,2,5001,75,ASPH-E,MED,30,30,,,G
LAS,08L/26R,4,14515,150,CONC-G,HIGH,100,250,504,1014,G
LAS,01R/19L,4,9771,150,CONC-G,MED,120,250,550,1120,G
LAS,01L/19R,4,8988,150,CONC-G,HIGH,120,250,550,1120,G
LAS,08R/26L,4,10526,150,CONC-E,HIGH,120,250,633,1120,G
LOL,02/20,2,5529,75,ASPH-G,MED,30,,,,G
LOL,08/26,2,4931,75,ASPH-G,,17,,,,G
MEV,12/30,3,5299,75,ASPH-G,,50,75,,,G
MEV,12G/30G,3,2050,60,DIRT-G,,,,,,
MEV,16/34,3,7399,100,ASPH-E,HIGH,50,75,,,G
RNO,17L/35R,3,9000,150,CONC-G,HIGH,75,209,407,850,G
RNO,08/26,3,6102,150,CONC-G,MED,60,170,260,,G
RNO,17R/35L,3,11001,150,CONC-G,HIGH,75,185,350,850,G
RTS,08/26,2,7608,150,ASPH-E,HIGH,,,,,G
RTS,14/32,2,9000,150,ASPH-G,HIGH,,,,,G
EEN,02/20,2,6201,100,ASPH-E,HIGH,,60,,,G
EEN,14/32,2,4001,75,ASPH-E,MED,25,,,,G
ACY,H1,3,102,102,ASPH,,,,,,
ACY,13/31,3,10000,150,ASPH-G,HIGH,85,120,350,,G
ACY,04/22,3,6144,150,ASPH-CONC-G,HIGH,75,175,400,900,G
MMU,13/31,2,3997,150,ASPH-G,MED,30,,,,G
MMU,05/23,2,5998,150,ASPH-G,HIGH,30,80,,,G
WWD,01/19,2,5252,150,ASPH-G,HIGH,45,75,120,,G
WWD,10/28,2,5000,150,ASPH-G,MED,45,75,120,,G
ALM,17/35,2,3257,190,DIRT-F,,,,,,G
ALM,04/22,2,9207,150,ASPH-G,MED,54,74,120,,G
AEG,04/22,2,7398,100,ASPH-G,MED,30,,,,G
AEG,17/35,2,5983,100,ASPH-G,MED,30,,,,G
ABQ,03/21,3,10000,150,CONC-G,HIGH,100,210,360,720,G
ABQ,08/26,3,13793,150,CONC-G,HIGH,100,210,360,720,G
ABQ,12/30,3,6000,150,CONC-G,MED,65,120,155,,G
BRG,03/21,2,6601,60,ASPH-E,MED,12,,,,G
BRG,13/31,2,5280,75,ASPH-G,,,,,,G
CVN,08/26,3,2442,75,TURF-F,,,,,,
CVN,04/22,3,7200,150,ASPH-G,MED,45,57,,,G
CVN,12/30,3,5697,100,ASPH-G,MED,42,50,,,G
DMN,08/26,2,8018,75,ASPH-G,MED,20,,,,G
DMN,04/22,2,5675,60,ASPH-G,MED,12,,,,G
FMN,07/25,2,6704,100,ASPH-G,MED,50,90,,,G
FMN,05/23,2,6501,150,ASPH-E,MED,47,66,,,G
LVS,14/32,2,8199,75,ASPH-G,MED,20,,,,G
LVS,02/20,2,5006,75,ASPH-G,MED,20,,,,G
ROW,17/35,2,9999,100,ASPH-G,MED,77,104,165,,G
ROW,03/21,2,13001,150,CONC-E,MED,100,200,400,,G
SAF,02/20,3,8366,150,ASPH-F,MED,116,164,269,,G
SAF,10/28,3,6301,75,ASPH-G,,12,,,,G
SAF,15/33,3,6316,100,ASPH-E,MED,28,43,,,G
SVC,17/35,4,5473,75,DIRT-G,,,,,,
SVC,08/26,4,6803,100,ASPH-G,MED,75,100,,,G
SVC,12/30,4,4675,75,DIRT-G,,,,,,
SVC,03/21,4,4537,80,DIRT-F,,,,,,
SKX,04/22,2,5504,75,ASPH-G,MED,24,,,,G
SKX,13/31,2,8600,100,CONC-G,MED,60,,,,G
ITH,14/32,2,6977,150,ASPH-G,HIGH,100,192,574,1044,G
ITH,15/33,2,2018,50,TURF-E,,,,,,
PEO,01/19,2,5499,100,ASPH-G,MED,82,112,195,,G
PEO,10/28,2,3561,50,ASPH-G,LOW,12,,,,G
POU,06/24,3,5001,100,ASPH-E,HIGH,50,60,110,,G
POU,07/25,3,1357,100,TURF-G,,,,,,
POU,15/33,3,2743,100,ASPH-CONC-G,MED,35,45,80,,G
AVL,17/35,1,8002,150,ASPH-E,HIGH,120,219,404,837,G
JQF,02/20,1,7402,100,ASPH-G,HIGH,,129,,,G
GSO,14/32,3,6380,150,ASPH-F,HIGH,120,218,352,,G
GSO,05L/23R,3,9000,150,ASPH-F,HIGH,120,250,550,1120,G
GSO,05R/23L,3,10001,150,ASPH-G,HIGH,120,250,550,1051,G
MQI,17/35,2,3303,75,ASPH-G,MED,20,,,,G
MQI,05/23,2,4306,100,ASPH-E,MED,48,,,,G
EQY,05/23,1,7001,100,ASPH-E,HIGH,35,68,,,G
14A,14/32,1,3147,40,ASPH-G,MED,8,,,,G
SOP,05/23,1,6503,150,ASPH-G,HIGH,100,162,,,G
SVH,10/28,1,7003,100,ASPH-E,HIGH,30,100,,,G
BIS,03/21,2,6600,100,ASPH-G,HIGH,130,180,340,,G
BIS,13/31,2,8794,150,ASPH-CONC-G,HIGH,130,180,340,,G
DIK,07/25,2,4700,75,ASPH-G,MED,16,20,,,F
DIK,14/32,2,7301,150,CONC-E,HIGH,60,90,90,,G
FAR,18/36,3,9001,150,CONC-G,HIGH,100,200,400,,G
FAR,13/31,3,3801,75,CONC-G,MED,26,35,,,G
FAR,09/27,3,6302,100,CONC-G,MED,60,100,,,G
JMS,04/22,2,5750,75,ASPH-F,MED,85,103,162,,G
JMS,13/31,2,6502,100,ASPH-G,HIGH,130,160,250,,G
S25,12/30,1,6550,75,CONC-E,MED,78,98,186,,G
XWA,04/22,2,4502,75,CONC-E,MED,12,,,,G
XWA,14/32,2,7503,150,CONC-E,HIGH,120,195,339,,G
UNI,07/25,1,5600,100,ASPH-G,MED,56,82,,,F
LUK,03L/21R,3,3801,100,ASPH-F,MED,11,,,,F
LUK,03R/21L,3,6101,150,ASPH-E,HIGH,60,70,140,,G
LUK,07/25,3,5127,100,ASPH-F,MED,11,20,55,,F
DFI,12/30,1,4199,72,ASPH-F,MED,,,,,G
TOL,16/34,2,5599,150,ASPH-G,MED,100,174,300,,G
TOL,07/25,2,10600,150,ASPH-G,HIGH,100,174,300,550,G
ADH,13/31,3,2717,50,ASPH-CONC-P,,50,171,280,,F
ADH,18/36,3,6203,100,ASPH-G,MED,50,140,224,,G
ADH,H1,3,40,40,CONC-E,PERI,,,,,G
ADM,13/31,2,9002,150,CONC-G,HIGH,,,,,F
ADM,17/35,2,5404,100,ASPH-G,MED,36,,,,G
BVO,17/35,1,6850,100,CONC-G,MED,50,100,170,,G
6K4,17/35,1,4400,75,ASPH-CONC-G,MED,30,,,,G
OKC,13/31,4,7800,150,ASPH-CONC-F,MED,120,250,489,,G
OKC,17L/35R,4,9803,150,CONC-G,HIGH,120,250,550,,G
OKC,17R/35L,4,9801,150,CONC-G,HIGH,120,250,550,,G
OKC,18/36,4,3078,75,ASPH-G,,116,164,269,,G
RCE,17R/35L,2,6014,100,CONC-G,HIGH,40,60,,,G
RCE,17L/35R,2,3502,75,CONC-G,MED,17,,,,G
PNC,17/35,1,7201,100,CONC-G,HIGH,51,65,122,,G
TUL,08/26,3,7376,150,CONC-G,HIGH,75,200,350,,G
TUL,18L/36R,3,10000,150,CONC-E,HIGH,75,200,400,,G
TUL,18R/36L,3,6101,100,ASPH-G,HIGH,100,140,,,G
AST,08/26,2,5794,100,ASPH,MED,60,76,119,,G
AST,14/32,2,4467,100,ASPH-E,MED,60,76,119,,G
UAO,17/35,1,5003,100,ASPH-G,MED,30,45,,,G
BKE,08/26,3,3670,140,ASPH-F,,30,,,,F
BKE,13/31,3,5085,100,ASPH-G,MED,50,65,,,G
BKE,17/35,3,4359,75,ASPH-G,,30,,,,G
BDN,16/34,1,5201,75,ASPH-G,MED,30,,,,G
BNO,03/21,2,4600,60,CONC-G,MED,30,,,,G
BNO,12/30,2,5101,75,CONC-G,MED,30,50,90,,G
CVO,10/28,2,3100,75,ASPH-F,MED,51,65,100,,G
CVO,17/35,2,5900,150,ASPH-G,MED,35,73,100,,F
77S,16/34,1,3102,60,ASPH-F,MED,12,,,,G
EUG,16R/34L,2,8009,150,ASPH-G,HIGH,120,250,550,,G
EUG,16L/34R,2,6000,150,ASPH-G,HIGH,120,211,342,,G
4S2,07/25,1,3040,75,ASPH-E,MED,23,,,,G
GCD,17/35,2,5224,60,ASPH-G,MED,12,,,,F
GCD,09/27,2,4100,60,ASPH-G,MED,12,,,,G
LMT,07/25,2,5258,100,ASPH-G,MED,53,77,,,G
LMT,14/32,2,10302,150,ASPH-CONC-G,HIGH,107,175,315,,G
LGD,17/35,2,3400,75,ASPH-G,MED,45,60,100,,G
LGD,12/30,2,6261,100,ASPH-G,MED,65,90,130,,G
LKV,17/35,1,5318,100,ASPH-G,MED,74,86,,,G
MMV,17/35,2,4340,75,ASPH-E,,30,,,,P
MMV,04/22,2,5420,100,ASPH-E,HIGH,40,50,80,,G
S33,04/22,2,2701,50,ASPH-F,,16,,,,F
S33,16/34,2,5091,75,ASPH-G,MED,75,120,180,,G
MFR,14/32,1,8800,150,ASPH-G,HIGH,75,200,400,,G
ONP,02/20,2,3001,75,ASPH-G,MED,33,50,84,,G
ONP,16/34,2,5398,100,ASPH-G,HIGH,75,120,170,,G
OTH,05/23,2,5980,150,ASPH-G,HIGH,120,215,340,800,F
OTH,13/31,2,4470,150,ASPH-G,MED,120,190,305,735,G
ONO,15/33,1,5006,100,ASPH-F,MED,30,60,,,G
22S,13/31,1,4300,60,ASPH-G,LOW,,,,,G
PDT,08/26,2,6301,150,ASPH-F,HIGH,115,132,210,,G
PDT,11/29,2,4809,100,ASPH-G,MED,70,120,122,,G
HIO,13R/31L,3,6600,150,ASPH-G,HIGH,50,70,110,,G
HIO,02/20,3,3820,75,ASPH-G,MED,54,74,139,,F
HIO,13L/31R,3,3600,60,ASPH-E,MED,28,,,,G
PDX,10R/28L,3,11000,150,CONC-G,HIGH,200,200,360,,G
PDX,03/21,3,6000,150,ASPH-E,MED,120,250,380,,G
PDX,10L/28R,3,9825,150,ASPH-E,HIGH,200,200,400,,G
S39,15/33,2,4053,40,ASPH-P,LOW,5,,,,G
S39,11/29,2,5405,75,ASPH-G,MED,30,,,,G
RDM,H1,3,48,48,CONC,,,,,,
RDM,05/23,3,7038,150,ASPH-G,HIGH,120,216,399,,G
RDM,11/29,3,7006,100,ASPH-G,MED,109,178,,,G
REO,03/21,1,6000,150,GRAVEL-F,,,,,,
RBG,16/34,1,5003,100,ASPH-G,MED,42,54,88,,F
SLE,16/34,3,5146,100,ASPH-G,MED,39,52,,,G
SLE,13/31,3,5811,150,ASPH-G,HIGH,105,147,,,G
SLE,H1,3,37,37,CONC-E,,,,,,G
SPB,15/33,1,5100,100,ASPH-F,MED,30,50,90,,F
S21,18/36,1,5460,75,ASPH-F,MED,30,,,,G
DLS,13/31,2,5097,100,ASPH-G,MED,30,30,,,G
DLS,07/25,2,4647,100,ASPH-G,MED,30,30,,,F
TMK,01/19,2,2911,75,ASPH-G,MED,40,46,67,,G
TMK,13/31,2,5001,75,ASPH-G,MED,60,75,125,,G
CXY,08/26,2,5000,150,ASPH-G,HIGH,65,105,185,,G
CXY,12/30,2,3778,100,ASPH-G,MED,40,65,115,,G
PHL,09L/27R,4,9500,150,ASPH-G,HIGH,100,210,350,,G
PHL,09R/27L,4,12000,200,ASPH-G,HIGH,200,210,350,,G
PHL,17/35,4,6500,150,ASPH-G,HIGH,100,170,300,,G
PHL,08/26,4,5001,150,ASPH-G,HIGH,,145,,,G
PNE,15/33,2,5000,150,ASPH-G,MED,40,55,,,G
PNE,06/24,2,7000,100,ASPH-G,HIGH,120,250,550,,G
AGC,13/31,3,3825,100,CONC-G,HIGH,20,22,,,G
AGC,10/28,3,6501,150,CONC-G,HIGH,90,120,210,,G
AGC,H1,3,47,45,CONC-G,,,,,,G
UNV,06/24,1,6701,150,ASPH-G,HIGH,50,110,,,G
AIK,07/25,2,5500,100,ASPH-G,MED,55,75,140,,G
AIK,01/19,2,3800,75,ASPH-F,,54,75,139,,G
JZI,04/22,2,4313,150,CONC-G,MED,45,56,,,G
JZI,09/27,2,5350,100,CONC-E,HIGH,60,100,,,G
CHS,15/33,2,9001,150,CONC-G,HIGH,,,,,G
CHS,03/21,2,7000,150,CONC-G,HIGH,,,,,G
CUB,13/31,1,5011,75,ASPH-F,MED,44,66,,,G
GMU,H2,4,50,50,CONC-G,PERI,20,,,,
GMU,H1,4,50,50,CONC-G,PERI,20,,,,
GMU,10/28,4,4000,80,ASPH-G,MED,43,62,,,G
GMU,01/19,4,5393,100,ASPH-E,HIGH,61,81,151,,G
GYH,05/23,1,8000,150,CONC-G,HIGH,94,121,199,,G
HXD,03/21,1,5000,100,ASPH-G,MED,55,75,,,G
ABR,17/35,2,5500,100,ASPH-E,MED,63,82,139,,G
ABR,13/31,2,6901,100,CONC-G,HIGH,120,195,339,,G
HON,18/36,2,5000,75,CONC-G,MED,40,55,,,G
HON,12/30,2,7201,100,CONC-G,HIGH,75,150,280,395,G
PIR,13/31,2,6900,100,ASPH-G,HIGH,91,108,168,,G
PIR,07/25,2,6880,150,ASPH-G,HIGH,91,114,180,,G
RAP,14/32,2,8701,150,CONC-G,HIGH,140,190,300,,G
RAP,05/23,2,3601,75,ASPH-G,MED,12,,,,F
FSD,15/33,4,8000,150,CONC-G,HIGH,100,180,400,,G
FSD,03/21,4,9000,150,CONC-G,HIGH,200,200,444,,G
FSD,09/27,4,3151,75,CONC-F,MED,30,,,,G
FSD,H1,4,50,50,ASPH-G,PERI,,,,,
SPF,08/26,3,4003,100,TURF-G,,,,,,
SPF,13/31,3,6401,75,ASPH-G,MED,33,45,,,G
SPF,04/22,3,1995,120,TURF-G,,,,,,
YKN,02/20,2,3380,60,ASPH-E,MED,12,,,,G
YKN,13/31,2,6094,100,CONC-E,HIGH,30,50,90,,G
TRI,09/27,2,4442,150,ASPH-F,MED,21,,,,G
TRI,05/23,2,8000,150,ASPH-G,HIGH,112,185,336,,G
CHA,02/20,2,7400,150,ASPH-G,HIGH,120,164,265,,G
CHA,15/33,2,5575,150,ASPH-G,MED,120,164,265,,G
RZR,03/21,1,6200,100,CONC-G,MED,20,50,65,115,G
M29,03/21,1,4200,75,ASPH-G,,30,,,,G
M02,17/35,1,5001,75,ASPH-G,MED,16,26,,,G
HZD,01/19,1,5507,100,ASPH-G,MED,48,66,,,G
MKL,11/29,2,3539,100,ASPH-F,MED,27,,,,F
MKL,02/20,2,6005,150,ASPH-F,HIGH,55,80,125,,F
DKX,08/26,1,3499,75,ASPH-G,MED,22,,,,G
TYS,05L/23R,2,10000,150,CONC-G,HIGH,120,239,439,961,G
TYS,05R/23L,2,9000,150,ASPH-G,HIGH,75,200,270,,G
M54,04/22,2,1801,150,TURF-G,,,,,,G
M54,01/19,2,5000,100,ASPH-G,MED,24,37,,,G
MNV,05/23,1,3643,75,ASPH-G,MED,22,35,,,G
NQA,04/22,1,8000,200,ASPH-G,HIGH,,,,,G
BNA,02C/20C,4,8001,150,CONC-G,HIGH,75,209,350,,G
BNA,02L/20R,4,7704,150,CONC-G,HIGH,100,200,390,850,G
BNA,02R/20L,4,8001,150,CONC-G,HIGH,75,209,350,,G
BNA,13/31,4,11030,150,CONC-G,HIGH,75,175,250,875,G
JWN,02/20,1,6001,100,ASPH-G,MED,35,97,,,G
PHT,02/20,1,5001,100,ASPH-G,MED,17,,,,G
ABI,17R/35L,2,7208,150,ASPH-G,HIGH,85,160,160,,G
ABI,17L/35R,2,7198,150,ASPH-G,HIGH,85,160,160,,G
AMA,04/22,2,13502,200,CONC-G,HIGH,100,200,400,,G
AMA,13/31,2,7901,150,CONC-G,HIGH,100,200,400,,G
AUS,H3,5,50,50,CONC-G,,,,,,G
AUS,H2,5,60,60,CONC-G,,,,,,G
AUS,H1,5,60,60,CONC-G,,,,,,G
AUS,18R/36L,5,12250,150,CONC-G,HIGH,75,210,618,913,G
AUS,18L/36R,5,9000,150,CONC-G,HIGH,75,210,618,913,G
BMT,13/31,1,4001,75,ASPH-E,MED,17,,,,G
BEA,12/30,2,4553,75,ASPH-G,MED,25,,,,P
BEA,18/36,2,2251,60,TURF-G,,,,,,
BPG,06/24,2,4601,75,ASPH-G,MED,,,,,G
BPG,17/35,2,8802,100,CONC-G,MED,60,150,200,,G
XBP,18/36,1,5005,75,ASPH-G,MED,30,,,,F
CDS,18/36,2,5949,75,ASPH-G,MED,21,,,,F
CDS,04/22,2,4425,60,ASPH-P,,21,,,,P
CLL,11/29,2,5158,150,ASPH-E,MED,37,49,,,G
CLL,17/35,2,7000,146,ASPH-CONC-E,HIGH,78,94,156,,G
CRP,13/31,2,7510,150,ASPH-G,HIGH,150,170,245,,G
CRP,18/36,2,6080,150,ASPH-G,HIGH,150,170,245,,G
ADS,16/34,1,7203,100,ASPH-G,HIGH,60,120,,,G
DAL,13L/31R,2,7752,150,CONC-G,HIGH,100,200,350,,G
DAL,13R/31L,2,8800,150,CONC-G,HIGH,120,250,388,875,G
LUD,17/35,1,4200,60,ASPH-G,MED,12,17,,,F
DTO,18R/36L,2,5003,75,ASPH-E,MED,30,,,,G
DTO,18L/36R,2,7002,150,ASPH-F,MED,70,100,,,G
ELP,08L/26R,3,5499,75,CONC-G,MED,60,180,,,G
ELP,04/22,3,12020,150,ASPH-CONC-F,HIGH,100,180,350,,G
ELP,08R/26L,3,9025,150,ASPH-CONC-F,HIGH,100,180,350,,G
BKS,14/32,2,3018,60,ASPH-E,,4,,,,G
BKS,17/35,2,6006,75,ASPH-G,MED,52,80,,,G
FTW,17/35,4,4005,75,ASPH-E,MED,12,50,,,G
FTW,H1,4,35,35,CONC-G,,,,,,G
FTW,H2,4,35,35,CONC-G,,,,,,F
FTW,16/34,4,7502,150,CONC-G,HIGH,80,100,190,350,G
AFW,16R/34L,2,11010,150,CONC-G,HIGH,,200,400,870,G
AFW,16L/34R,2,11000,150,CONC-G,HIGH,,200,400,870,G
T82,14/32,1,5001,75,ASPH-G,MED,30,,,,G
GTU,18/36,2,5004,100,ASPH-G,MED,30,60,,,G
GTU,11/29,2,4099,75,ASPH-F,MED,12,,,,G
GVT,17/35,1,8030,150,ASPH-G,MED,26,,,,G
DZB,17/35,1,5977,100,ASPH-G,HIGH,,100,,,G
EFD,17R/35L,3,9001,150,CONC-G,HIGH,100,190,590,800,G
EFD,17L/35R,3,4609,75,CONC-F,,24,63,145,300,G
EFD,04/22,3,8001,150,CONC-G,HIGH,100,164,300,668,G
IAH,15L/33R,5,12001,150,CONC-G,HIGH,100,200,400,800,G
IAH,08L/26R,5,9000,150,CONC-E,HIGH,75,210,409,873,G
IAH,08R/26L,5,9402,150,CONC-G,HIGH,75,210,498,873,G
IAH,09/27,5,10000,150,CONC-G,HIGH,,210,560,,G
IAH,15R/33L,5,10000,150,CONC-G,HIGH,75,200,400,873,G
TME,18/36,1,6610,100,ASPH-G,MED,,101,,,G
HOU,13R/31L,3,7602,150,ASPH-G,HIGH,75,195,220,,G
HOU,13L/31R,3,5148,100,CONC-F,MED,30,45,80,,G
HOU,04/22,3,7602,150,CONC-G,HIGH,75,200,400,,G
CXO,01/19,2,5000,100,CONC-G,MED,30,75,,,G
CXO,14/32,2,7501,150,CONC-G,HIGH,60,100,,,G
AQO,17/35,2,4202,75,ASPH-G,MED,20,,,,G
AQO,13/31,2,3209,150,TURF-G,,,,,,
GGG,13/31,2,10000,150,ASPH-G,HIGH,95,155,288,,G
GGG,18/36,2,6110,150,ASPH-G,MED,95,155,280,,G
LBB,08/26,3,8003,150,CONC-G,HIGH,100,170,350,,G
LBB,17R/35L,3,11500,150,CONC-G,HIGH,100,170,350,,G
LBB,17L/35R,3,2891,74,ASPH-F,,12,,,,G
T31,17/35,1,4352,60,ASPH-TURF-G,MED,6,,,,G
MRF,04/22,3,5309,75,ASPH-G,,18,,,,G
MRF,09/27,3,2825,60,DIRT-P,,,,,,
MRF,13/31,3,6203,75,ASPH-G,MED,18,,,,G
MAF,04/22,4,4605,75,ASPH-G,MED,30,60,,,G
MAF,10/28,4,8302,150,ASPH-G,HIGH,160,200,350,700,G
MAF,16L/34R,4,4247,100,ASPH-G,MED,30,60,,,G
MAF,16R/34L,4,9501,150,ASPH-G,HIGH,160,200,350,700,G
MWL,17/35,2,4188,100,ASPH-G,MED,50,145,,,F
MWL,13/31,2,5996,100,ASPH-G,MED,50,145,,,F
ODO,02/20,3,5703,75,ASPH-G,MED,14,,,,G
ODO,11/29,3,6200,100,ASPH-G,MED,30,,,,G
ODO,16/34,3,5003,75,ASPH-E,MED,14,,,,G
SJT,03/21,3,5940,150,ASPH-G,HIGH,70,100,,,G
SJT,18/36,3,8054,150,ASPH-G,MED,70,100,,,G
SJT,09/27,3,4406,75,ASPH-F,MED,70,100,,,G
SSF,09/27,2,5000,100,ASPH-G,MED,30,75,,,G
SSF,14/32,2,4128,100,ASPH-G,MED,12,20,,,G
SAT,04/22,3,8505,150,CONC-G,HIGH,95,190,270,,G
SAT,13R/31L,3,8502,150,CONC-G,HIGH,95,190,270,,G
SAT,13L/31R,3,5519,100,ASPH-F,MED,59,120,,,G
GNC,08/26,2,5381,75,ASPH-F,MED,12,,,,P
GNC,17/35,2,5002,75,ASPH-G,MED,12,,,,F
SWI,16/34,1,4000,75,ASPH-F,MED,19,,,,G
TRL,18/36,1,5006,75,ASPH-G,MED,30,,,,G
UVA,15/33,1,5256,100,ASPH-G,MED,30,40,40,,G
F05,02/20,2,5099,100,ASPH-E,MED,30,40,60,,G
F05,16/34,2,4304,80,ASPH-F,MED,10,,,,G
VCT,18/36,3,4908,75,ASPH-G,MED,28,49,87,,F
VCT,H1,3,60,60,ASPH-G,,,,,,P
VCT,13/31,3,9111,150,ASPH-G,HIGH,28,49,87,,G
ACT,01/19,2,7107,150,ASPH-G,HIGH,50,82,,,G
ACT,14/32,2,5103,150,ASPH-G,MED,50,82,,,F
SPS,15R/33L,4,13101,300,CONC,HIGH,,,,,G
SPS,15L/33R,4,6000,150,ASPH-CONC,HIGH,,,,,G
SPS,18/36,4,7021,150,ASPH,HIGH,,,,,G
SPS,15C/33C,4,10003,150,ASPH-CONC,HIGH,,,,,G
BTF,17/35,1,4634,70,ASPH-E,LOW,12,,,,G
CDC,02/20,2,8653,150,ASPH-G,HIGH,56,76,127,142,G
CDC,08/26,2,4822,60,ASPH-F,MED,16,,,,G
DPG,12/30,1,10999,150,ASPH,HIGH,,,,,
CNY,03/21,2,7360,100,ASPH-G,MED,,85,,,G
CNY,15/33,2,2121,60,GRAVEL-G,,,,,,G
HIF,14/32,1,13500,200,PEM-G,HIGH,,,,,G
OGD,03/21,2,8107,150,ASPH-E,HIGH,85,150,,,G
OGD,17/35,2,5195,100,ASPH-G,MED,80,140,,,G
PUC,08/26,3,3151,75,ASPH-G,,12,,,,G
PUC,01/19,3,8316,100,ASPH-G,HIGH,30,40,,,G
PUC,15/33,3,4513,75,ASPH-F,MED,13,,,,F
PVU,18/36,2,6628,150,ASPH-G,MED,50,70,110,,G
PVU,13/31,2,8603,150,ASPH-G,HIGH,65,85,140,,G
RIF,01/19,1,7100,100,ASPH-F,MED,45,75,,,F
SGU,01/19,1,9300,150,ASPH-G,HIGH,75,150,,,G
U42,16/34,1,5862,100,ASPH-G,MED,30,43,,,G
SLC,HF,6,60,60,ASPH-G,,,,,,
SLC,14/32,6,4893,150,ASPH-G,HIGH,60,200,350,850,G
SLC,16L/34R,6,12002,150,ASPH-G,HIGH,60,200,350,850,G
SLC,16R/34L,6,12000,150,CONC-G,HIGH,60,200,350,850,G
SLC,17/35,6,9596,150,ASPH-G,HIGH,60,200,350,850,G
SLC,HB,6,60,60,ASPH-G,,,,,,
VEL,17/35,1,7000,100,ASPH-E,MED,45,55,,,G
ENV,08/26,2,10002,150,ASPH-G,MED,75,140,208,,G
ENV,12/30,2,8002,100,ASPH-F,MED,75,140,180,,G
RMN,15/33,1,5000,100,ASPH-G,HIGH,30,70,,,G
HSP,07/25,1,5600,100,ASPH-F,HIGH,65,160,,,G
JYO,17/35,1,5500,100,ASPH-G,HIGH,30,70,,,G
JFZ,07/25,1,4299,75,ASPH-G,MED,12,18,,,F
RIC,16/34,2,9003,150,ASPH-G,HIGH,125,200,340,,G
RIC,02/20,2,6607,150,ASPH-E,HIGH,125,200,340,,G
ROA,16/34,2,5810,150,ASPH-G,HIGH,150,200,310,,G
ROA,06/24,2,6800,150,ASPH-G,HIGH,150,200,310,,G
74S,18/36,1,3018,60,ASPH-G,MED,12,,,,G
AWO,16/34,2,5332,100,ASPH-G,MED,114,150,270,,G
AWO,11/29,2,3498,75,ASPH-E,,32,34,59,,G
BLI,16/34,1,6700,150,ASPH-G,HIGH,75,160,250,,G
S97,07/25,1,4000,60,ASPH-G,MED,15,,,,G
BVS,11/29,2,5480,100,ASPH-E,MED,60,75,125,,G
BVS,04/22,2,3000,60,ASPH-P,LOW,12,,,,P
DEW,16/34,2,6101,75,ASPH-G,MED,30,50,,,F
DEW,05/23,2,3200,60,ASPH-G,,12,,,,F
PAE,16L/34R,2,3004,75,ASPH-G,MED,12,,,,G
PAE,16R/34L,2,9010,150,ASPH-CONC-G,HIGH,100,200,350,830,G
FHR,16/34,1,3402,75,ASPH-G,MED,12,,,,G
MWH,18/36,5,3327,75,ASPH-G,MED,75,170,300,400,G
MWH,14R/32L,5,2936,75,CONC-G,,100,200,400,400,G
MWH,04/22,5,10000,100,CONC-G,MED,75,100,175,475,G
MWH,09/27,5,3500,90,CONC-G,NSTD,100,150,270,475,
MWH,14L/32R,5,13503,200,CONC-G,HIGH,85,155,320,600,G
OLM,08/26,2,4157,150,ASPH-G,,30,,,,G
OLM,17/35,2,5500,150,ASPH-G,HIGH,75,94,142,,P
PSC,03R/21L,3,4423,75,ASPH-F,,52,85,108,150,G
PSC,12/30,3,7704,150,ASPH-G,MED,150,200,400,,G
PSC,03L/21R,3,7707,150,ASPH-G,HIGH,150,200,400,,G
CLM,13/31,2,3255,50,ASPH-F,,30,,,,G
CLM,08/26,2,6347,150,ASPH-G,MED,55,66,115,,F
PUW,05/23,1,7100,150,ASPH-G,HIGH,120,239,385,,G
RNT,16/34,1,5382,200,ASPH-CONC-G,MED,100,130,340,,G
BFI,14L/32R,2,3709,100,ASPH-F,MED,120,250,550,1109,G
BFI,14R/32L,2,10007,200,ASPH-G,HIGH,100,200,500,800,G
GEG,08/26,2,8199,150,ASPH-G,MED,150,180,280,,G
GEG,03/21,2,11002,150,ASPH-CONC-E,HIGH,200,200,400,,G
SFF,03W/21W,3,6000,100,WATER,,,,,,
SFF,04L/22R,3,4499,140,CONC-G,MED,30,,,,G
SFF,04R/22L,3,2650,75,ASPH-F,,30,,,,G
TCM,16/34,2,10108,150,ASPH-CONC,HIGH,,,,,G
TCM,162/342,2,3000,60,ASPH,,,,,,
TIW,17/35,1,5002,100,ASPH-G,MED,50,80,80,150,G
VUO,08/26,1,3275,60,ASPH-G,MED,,,,,G
ALW,02/20,1,6527,150,CONC-G,HIGH,60,80,130,,G
EAT,12/30,1,7000,150,ASPH-G,HIGH,116,192,,,G
S52,13/31,1,5049,75,ASPH-E,MED,30,,,,G
YKM,09/27,2,7604,150,ASPH-E,HIGH,95,160,220,550,G
YKM,04/22,2,3835,150,ASPH-P,MED,70,80,120,,G
MRB,08/26,1,8815,150,ASPH-CONC-G,HIGH,120,195,339,830,G
I18,04/22,1,4000,75,ASPH-E,MED,12,,,,G
ATW,03/21,2,8003,150,CONC-G,HIGH,75,160,320,,G
ATW,12/30,2,6502,150,CONC-G,HIGH,75,160,320,,G
GRB,06/24,2,7700,150,CONC-G,HIGH,90,160,260,,G
GRB,18/36,2,8700,150,CONC-G,HIGH,95,165,275,,G
ENW,15/33,3,4440,100,CONC-G,HIGH,62,73,135,,G
ENW,07R/25L,3,3302,75,ASPH-CONC-F,MED,40,48,,,G
ENW,07L/25R,3,6600,100,CONC-E,HIGH,62,73,135,,G
LSE,04/22,3,5199,150,ASPH-F,HIGH,65,110,190,,F
LSE,13/31,3,6050,150,ASPH-G,MED,125,190,430,,G
LSE,18/36,3,8742,150,CONC-G,HIGH,125,190,430,850,G
MWC,15R/33L,4,3231,270,TURF-G,,,,,,
MWC,15L/33R,4,4103,75,ASPH-E,MED,30,,,,G
MWC,04L/22R,4,3201,75,ASPH-E,MED,30,,,,G
MWC,04R/22L,4,2839,270,TURF-G,,,,,,
C35,07/25,2,2510,50,ASPH-G,MED,30,,,,G
C35,18/36,2,4840,75,ASPH-F,MED,30,,,,G
SUE,02/20,2,4599,75,ASPH-F,MED,16,22,,,F
SUE,10/28,2,3199,75,ASPH-E,MED,16,22,,,G
Y51,02/20,2,2424,90,TURF-G,,,,,,
Y51,11/29,2,4000,60,ASPH-E,MED,12,,,,G
46U,13/31,1,5827,70,ASPH-G,MED,50,,,,G
CPR,03/21,2,10165,150,ASPH-G,HIGH,130,170,270,,G
CPR,08/26,2,8679,150,ASPH-F,HIGH,85,140,260,,G
CYS,09/27,2,9270,150,CONC-F,HIGH,75,140,150,250,G
CYS,13/31,2,6690,150,ASPH-G,MED,75,120,150,200,G
COD,04/22,1,8268,100,ASPH-G,HIGH,95,124,193,,G
EVW,05/23,1,7300,100,ASPH-G,HIGH,30,70,,,G
GCC,16/34,2,7501,150,CONC-G,HIGH,70,110,160,,G
GCC,03/21,2,5804,75,CONC-G,MED,40,60,,,G
GEY,08/26,2,3953,75,ASPH-G,,12,,,,G
GEY,16/34,2,7003,150,ASPH-G,MED,85,150,290,,G
JAC,01/19,1,6300,150,ASPH-E,HIGH,120,187,287,,G
LND,04/22,1,5000,75,ASPH-E,MED,30,,,,G
LAR,12/30,2,6300,100,ASPH-G,MED,86,105,160,,G
LAR,03/21,2,8502,150,ASPH-G,MED,86,105,160,,G
RKS,03/21,2,5228,75,ASPH-G,MED,59,88,159,,G
RKS,09/27,2,10000,150,ASPH-G,HIGH,55,240,503,,G
SAA,05/23,1,8801,100,ASPH-G,MED,50,,,,G
SHR,15/33,2,8301,100,ASPH-E,HIGH,60,75,,,G
SHR,06/24,2,5039,75,ASPH-G,MED,36,50,,,G
ADK,05/23,1,7790,200,ASPH-G,HIGH,80,145,325,770,G
7AK,09/27,1,4500,75,ASPH,MED,120,250,,,F
6A8,05/23,1,4000,100,GRAVEL-G,MED,,,,,
ANC,07R/25L,3,12400,200,ASPH-CONC-G,HIGH,75,175,400,1300,G
ANC,07L/25R,3,10600,150,ASPH-G,HIGH,75,175,400,900,G
ANC,15/33,3,10865,200,ASPH-G,HIGH,75,175,400,900,G
MRI,05/23,3,2000,60,ASPH-GRVL-G,,,,,,G
MRI,07/25,3,4000,100,ASPH-G,MED,50,80,,,G
MRI,16/34,3,2640,75,ASPH-F,MED,20,,,,F
EDF,16/34,2,7493,150,ASPH,HIGH,,,,,G
EDF,06/24,2,10000,200,ASPH,HIGH,,,,,G
BRW,08/26,1,7100,150,ASPH-F,HIGH,75,160,300,,G
BET,12/30,3,1858,75,GRVL-G,HIGH,,,,,
BET,01L/19R,3,6400,150,ASPH-F,HIGH,105,147,244,,F
BET,01R/19L,3,4000,75,ASPH-G,HIGH,,,,,G
BGQ,07/25,1,2450,70,GRAVEL-G,MED,,,,,G
9A3,09/27,1,3401,60,GRVL-DIRT-G,MED,,,,,
CDB,08/26,2,4900,150,ASPH-G,HIGH,99,131,345,,G
CDB,15/33,2,10179,150,ASPH-G,HIGH,99,200,345,875,G
CDV,09/27,2,7500,150,ASPH-G,HIGH,90,153,280,,G
CDV,16/34,2,1934,30,GRVL-F,,,,,,P
AK15,03/21,1,5005,100,GRVL,MED,,,,,
BIG,07/25,3,4057,88,ASPH-G,MED,,,,,G
BIG,01/19,3,9000,150,ASPH-G,HIGH,,,,,G
BIG,10/28,3,6115,150,ASPH-G,HIGH,,,,,G
DLG,01/19,1,6400,150,ASPH-G,HIGH,116,186,300,726,G
FBK,H6,6,50,50,ASPH-CONC-G,,,,,,
FBK,07/25,6,8575,150,ASPH-CONC,HIGH,,38,,,G
FBK,H1,6,50,50,ASPH-CONC-G,,,,,,
FBK,H4,6,50,50,ASPH-CONC-G,,,,,,
FBK,H5,6,50,50,ASPH-CONC-G,,,,,,
FBK,H7,6,50,50,ASPH-CONC-G,,,,,,
FAI,02W/20W,4,5400,100,WATER,,,,,,G
FAI,02/20,4,2900,75,GRVL,,,,,,
FAI,02L/20R,4,11800,150,ASPH-G,HIGH,75,220,580,1100,G
FAI,02R/20L,4,4510,75,ASPH-G,MED,,,,,G
FYU,04/22,1,5000,100,GRVL-DIRT-G,MED,,,,,G
GAL,06/24,2,2600,50,GRAVEL-G,,,,,,F
GAL,08/26,2,6000,100,ASPH-F,MED,110,144,240,,F
GKN,15L/33R,2,5001,100,ASPH-G,MED,,,,,G
GKN,15R/33L,2,2300,60,GRVL-G,,,,,,G
GST,11/29,2,6720,150,ASPH-G,MED,60,100,,,G
GST,02/20,2,3010,60,ASPH-G,,40,,,,G
HNS,08/26,1,4000,100,ASPH-G,MED,,,,,G
HOM,06W/24W,2,2501,100,WATER,,,,,,
HOM,04/22,2,6701,150,ASPH-P,HIGH,62,70,189,,P
HPB,14/32,1,3300,75,GRVL-DIRT-F,MED,,,,,G
HLA,03/21,1,4000,75,GRAVEL-G,MED,,,,,
JNU,08W/26W,2,4800,150,WATER,,,,,,
JNU,08/26,2,8857,150,ASPH-G,HIGH,120,250,550,,F
ENA,02W/20W,3,4600,240,WATER-G,,,,,,G
ENA,02L/20R,3,7855,150,ASPH-G,HIGH,75,150,250,,F
ENA,02R/20L,3,1980,75,GRVL-G,,,,,,
KTN,11/29,2,7500,150,ASPH-G,HIGH,75,200,300,,G
KTN,WNW/ESE,2,9500,1500,WATER,,,,,,
KVC,08/26,1,3500,115,GRVL-G,MED,,,,,F
ADQ,01/19,3,5010,150,ASPH-G,HIGH,53,110,150,,G
ADQ,08/26,3,7534,150,ASPH-G,HIGH,53,110,150,,G
ADQ,11/29,3,5400,150,ASPH-G,HIGH,53,110,150,,F
UBW,06/24,1,6551,150,ASPH-G,HIGH,,,,,F
MCG,16/34,2,5936,100,ASPH-G,MED,32,80,120,,G
MCG,05/23,2,2000,60,GRAVEL-G,MED,,,,,
MLY,18/36,1,3400,60,GRAVEL-G,MED,,,,,
ENN,04L/22R,3,4600,100,ASPH-G,MED,160,,,,G
ENN,04R/22L,3,1980,80,TURF-G,MED,,,,,F
ENN,04W/22W,3,3601,100,WATER,,,,,,G
OME,10/28,2,6009,150,ASPH-G,HIGH,150,150,320,,G
OME,03/21,2,6176,150,ASPH-G,MED,,150,,,G
NUL,03/21,1,4011,100,GRAVEL-G,MED,,,,,
PAQ,16/34,4,6006,100,ASPH-G,MED,180,,,,F
PAQ,16S/34S,4,1560,60,GRVL-G,,,,,,
PAQ,H1,4,50,50,ASPH-F,,,,,,
PAQ,10/28,4,3616,75,ASPH-G,MED,,,,,F
PSG,05/23,1,6400,150,ASPH-G,HIGH,75,160,,,F
PBV,11/29,1,4982,150,ASPH-G,HIGH,,,,,F
SNP,18/36,1,6500,150,ASPH-G,HIGH,,,,,G
SDP,14/32,1,5213,150,ASPH-G,MED,120,250,,,G
SIT,11/29,1,7200,150,ASPH-G,HIGH,100,160,300,,F
SXQ,07/25,2,5001,130,ASPH-F,MED,12,,,,G
SXQ,07S/25S,2,2300,60,GRVL-DIRT-F,,,,,,P
TAL,07/25,1,4400,100,GRAVEL-G,MED,,,,,
6K8,07/25,1,2509,50,ASPH-G,MED,,,,,G
DUT,13/31,1,4500,100,ASPH-F,MED,60,,210,,G
VDZ,06/24,1,6500,150,ASPH-G,HIGH,75,200,300,,F
WRG,10/28,1,6000,150,ASPH-G,HIGH,75,175,175,,G
YAK,11/29,2,7732,150,ASPH-G,HIGH,38,107,200,,F
YAK,02/20,2,6475,150,CONC-G,HIGH,38,107,200,,G
ITO,08/26,2,9800,150,ASPH-G,HIGH,75,250,350,850,G
ITO,03/21,2,5600,150,ASPH-F,MED,75,80,140,410,F
HNL,04L/22R,6,6955,150,ASPH-F,HIGH,100,200,400,850,G
HNL,04R/22L,6,9002,150,ASPH-E,HIGH,100,200,400,850,F
HNL,04W/22W,6,3000,150,WATER,,,,,,
HNL,08L/26R,6,12312,150,ASPH-F,HIGH,100,200,400,780,F
HNL,08R/26L,6,12000,200,ASPH-E,HIGH,80,170,400,780,G
HNL,08W/26W,6,5090,300,WATER,,,,,,
OGG,05/23,3,4980,150,ASPH-G,MED,130,170,270,,G
OGG,02/20,3,6998,150,ASPH-G,HIGH,130,170,360,750,G
OGG,H1,3,125,125,ASPH-G,,,,,,
CYXX,07/25,2,9597,200,ASPH-CONC,HIGH,,,,,
CYXX,01/19,2,5328,200,ASPH,MED,,,,,
CZBB,07/25,2,5606,100,ASPH,MED,,,,,
CZBB,12/30,2,3750,100,ASPH,MED,,,,,
CYCD,16/34,1,6602,150,ASPH,HIGH,,,,,
CYYF,16/34,1,6000,148,ASPH,,,,,,
CYSU,06/24,1,8000,200,ASPH,,,,,,
CYQT,07/25,2,6200,200,ASPH,,,,,,
CYQT,12/30,2,5300,200,ASPH,,,,,,
CYVR,08L/26R,3,9940,200,CONC,HIGH,,,,,
CYVR,08R/26L,3,11500,200,ASPH-CONC,HIGH,,,,,
CYVR,12/30,3,7300,200,ASPH-CONC,MED,,,,,
CYYJ,03/21,3,5026,200,ASPH,MED,,,,,
CYYJ,09/27,3,6998,200,ASPH,HIGH,,,,,
CYYJ,13/31,3,5001,200,ASPH,MED,,,,,
CYXY,01/19,3,1798,75,ASPH,,,,,,
CYXY,13L/31R,3,4018,80,ASPH,,,,,,
CYXY,13R/31L,3,9500,150,ASPH,HIGH,,,,,
MYAF,09/27,1,4362,100,ASPH,MED,,,,,
MYAM,09/27,1,6100,100,ASPH,MED,,,,,
