Dep_Airport_ID,Facility_Type,Wind_Indicator,Runway_ID,Length,Width,Surface_Type_Condition,Edge_Light_Intensity,WBC_Single,WBC_Dual,WBC_Two_Dual,WBC_Tandem_Two_Dual,Base_Marking_Condition
EET,AIRPORT,Y-L,16/34,5000,75,ASPH-F,MED,16,,,,G
BHM,AIRPORT,Y-L,06/24,12007,150,ASPH-G,HIGH,175,205,350,,F
BHM,AIRPORT,Y-L,18/36,7099,150,ASPH-G,MED,75,170,240,,G
DHN,AIRPORT,Y-L,18/36,5498,100,ASPH-F,HIGH,75,105,190,,G
DHN,AIRPORT,Y-L,14/32,8499,150,ASPH-E,HIGH,75,105,190,,G
BFM,AIRPORT,Y-L,18/36,7800,150,ASPH-CONC-F,MED,76,150,320,,G
BFM,AIRPORT,Y-L,14/32,9618,150,ASPH-CONC-G,HIGH,75,185,325,,G
IFP,AIRPORT,Y-L,16/34,8501,150,ASPH-G,MED,75,200,400,,G
P52,AIRPORT,Y-L,14/32,4250,75,ASPH-G,MED,4,,,,G
FLG,AIRPORT,Y-L,03/21,8800,150,ASPH-E,HIGH,30,95,140,,G
FHU,AIRPORT,Y-L,08/26,12001,150,CONC-E,HIGH,75,200,450,700,G
FHU,AIRPORT,Y-L,12/30,5366,100,ASPH-CONC-G,MED,46,106,137,172,G
GEU,AIRPORT,Y-L,01/19,7150,100,ASPH-G,MED,40,60,,,G
P13,AIRPORT,Y-L,09/27,6500,100,ASPH-F,MED,60,,,,F
GYR,AIRPORT,Y-L,03/21,8500,150,ASPH-G,MED,115,225,505,985,G
IGM,AIRPORT,Y-L,17/35,6725,75,ASPH-G,MED,22,60,,,G
IGM,AIRPORT,Y-L,03/21,6827,150,ASPH-G,MED,45,85,125,265,G
HII,AIRPORT,Y-L,14/32,8000,100,ASPH-F,MED,100,,,,G
MZJ,AIRPORT,Y-L,12/30,6849,150,ASPH-P,MED,68,100,270,500,P
FFZ,AIRPORT,Y-L,04L/22R,3799,75,ASPH-G,MED,12,,,,G
FFZ,AIRPORT,Y-L,04R/22L,5100,100,ASPH-G,MED,38,60,90,,G
OLS,AIRPORT,Y-L,03/21,7200,100,ASPH-G,MED,21,,,,P
OLS,AIRPORT,Y-L,H1,97,97,CONC-G,,22,,,,
PGA,AIRPORT,Y-L,15/33,5950,150,ASPH-G,MED,65,90,190,,G
P20,AIRPORT,Y-L,01/19,6250,100,ASPH-G,MED,30,50,,,P
PAN,AIRPORT,Y-L,06/24,5504,75,ASPH-G,MED,40,50,100,,G
DVT,AIRPORT,Y-L,07R/25L,8196,100,ASPH-G,MED,20,91,255,,G
DVT,AIRPORT,Y-L,07L/25R,4500,75,ASPH-G,MED,70,117,,,G
IWA,AIRPORT,Y,12C/30C,10201,150,ASPH-CONC-G,HIGH,55,95,185,550,G
IWA,AIRPORT,Y,12L/30R,9300,150,CONC-G,HIGH,75,210,590,850,G
IWA,AIRPORT,Y,12R/30L,10401,150,CONC-G,MED,55,95,185,550,G
PHX,AIRPORT,Y-L,07R/25L,7800,150,CONC-G,HIGH,30,200,400,1010,G
PHX,AIRPORT,Y-L,07L/25R,10300,150,CONC-G,HIGH,30,235,435,940,G
PHX,AIRPORT,Y-L,08/26,11489,150,CONC-G,HIGH,30,200,455,965,G
PRC,AIRPORT,Y-L,03L/21R,4846,60,ASPH-G,MED,12,,,,
PRC,AIRPORT,Y-L,03R/21L,7619,150,ASPH-G,MED,63,80,100,,G
PRC,AIRPORT,Y-L,12/30,4408,75,ASPH-G,MED,12,,,,G
SAD,AIRPORT,Y-L,12/30,6007,100,ASPH-G,MED,33,,,,G
SAD,AIRPORT,Y-L,08/26,4802,60,ASPH-G,MED,23,,,,G
SEZ,AIRPORT,Y-L,03/21,5132,100,ASPH-G,MED,15,30,,,G
SDL,AIRPORT,Y-L,03/21,8249,100,ASPH-G,MED,45,75,,,G
JTC,AIRPORT,Y-L,11/29,4603,60,ASPH-G,MED,19,,,,P
JTC,AIRPORT,Y-L,03/21,8422,75,ASPH-G,MED,30,,,,G
AVQ,AIRPORT,Y-L,12/30,6901,100,ASPH-G,MED,75,100,300,,G
AVQ,AIRPORT,Y-L,03/21,3892,75,ASPH-G,MED,75,100,150,,G
TUS,AIRPORT,Y-L,03/21,7000,150,ASPH-G,MED,105,137,230,500,G
TUS,AIRPORT,Y-L,11L/29R,10996,150,ASPH-G,HIGH,160,200,350,585,G
TUS,AIRPORT,Y-L,11R/29L,8408,75,ASPH-G,MED,120,140,220,,G
RYN,AIRPORT,Y-L,06L/24R,4900,75,ASPH-G,MED,12,30,,,F
RYN,AIRPORT,Y-L,06R/24L,5500,75,ASPH-G,MED,12,30,,,G
E25,AIRPORT,Y-L,05/23,6101,75,ASPH-G,MED,30,60,,,G
INW,AIRPORT,Y-L,04/22,7499,150,ASPH-G,MED,50,80,125,,F
INW,AIRPORT,Y-L,11/29,7100,150,ASPH-F,MED,60,70,110,,F
NYL,AIRPORT,Y-L,03R/21L,9240,150,ASPH-CONC-G,HIGH,162,200,400,,G
NYL,AIRPORT,Y-L,08/26,6146,150,ASPH-G,HIGH,63,137,206,,G
NYL,AIRPORT,Y-L,17/35,5710,150,ASPH-CONC-G,HIGH,72,171,255,,G
NYL,AIRPORT,Y-L,03L/21R,13300,200,CONC-G,HIGH,103,200,400,,G
FYV,AIRPORT,Y-L,16/34,6005,100,ASPH-G,MED,90,150,175,,G
FSM,AIRPORT,Y-L,02/20,5001,150,ASPH-G,MED,55,70,120,,G
FSM,AIRPORT,Y-L,08/26,8017,150,ASPH-G,HIGH,75,175,295,,G
HOT,AIRPORT,Y-L,05/23,6595,150,ASPH-G,HIGH,75,125,210,400,G
HOT,AIRPORT,Y-L,13/31,4098,100,ASPH-G,MED,28,36,63,,G
JBR,AIRPORT,Y-L,05/23,6200,150,ASPH-G,MED,40,48,76,,P
JBR,AIRPORT,Y-L,13/31,4099,150,ASPH-G,MED,50,60,95,,F
LIT,AIRPORT,Y-L,04R/22L,8251,150,CONC-G,HIGH,75,200,350,,G
LIT,AIRPORT,Y-L,04L/22R,8273,150,CONC-G,HIGH,75,200,350,,G
LIT,AIRPORT,Y-L,18/36,6224,150,CONC-G,MED,75,100,135,,G
SGT,AIRPORT,Y,09/27,5002,150,CONC-G,MED,25,65,120,,F
SGT,AIRPORT,Y,18/36,6015,100,ASPH-G,MED,75,150,200,300,G
TXK,AIRPORT,Y-L,04/22,6601,150,ASPH-G,HIGH,50,86,120,,G
TXK,AIRPORT,Y-L,13/31,5200,100,ASPH-G,MED,25,,,,G
APV,AIRPORT,Y-L,08/26,4099,60,ASPH-P,,40,60,100,,P
APV,AIRPORT,Y-L,18/36,6498,150,ASPH-F,MED,70,90,150,,F
ACV,AIRPORT,Y-L,01/19,4501,150,ASPH-G,MED,60,95,170,,F
ACV,AIRPORT,Y-L,14/32,6046,150,ASPH-G,HIGH,60,155,280,,G
AUN,AIRPORT,Y-L,07/25,3700,75,ASPH-G,MED,30,,,,G
BFL,AIRPORT,Y-L,12R/30L,7700,100,ASPH-E,MED,18,,,,G
BFL,AIRPORT,Y-L,12L/30R,10849,150,ASPH-G,HIGH,96,155,260,654,G
L35,AIRPORT,Y-L,08/26,5850,75,ASPH-G,MED,12,,,,G
BUR,AIRPORT,Y-L,15/33,6886,150,ASPH-CONC-E,MED,120,201,352,839,G
BUR,AIRPORT,Y-L,08/26,5802,150,ASPH-CONC-E,HIGH,120,201,352,839,G
C83,AIRPORT,,12/30,4500,100,ASPH-G,MED,29,,,,G
C83,AIRPORT,,05/23,3000,75,ASPH-G,MED,29,,,,G
CMA,AIRPORT,Y-L,08/26,6013,150,ASPH-CONC-G,MED,50,80,125,,G
CRQ,AIRPORT,N,06/24,4897,150,ASPH-G,HIGH,60,80,110,,G
CIC,AIRPORT,Y-L,13R/31L,3000,60,ASPH-F,,12,,,,F
CIC,AIRPORT,Y-L,H1,64,64,CONC-G,,35,,,,
CIC,AIRPORT,Y-L,13L/31R,6724,150,ASPH-G,HIGH,63,100,170,,G
CNO,AIRPORT,Y-L,08L/26R,4858,150,ASPH-G,HIGH,12,,,,G
CNO,AIRPORT,Y-L,08R/26L,7000,150,ASPH-G,MED,75,150,215,,G
CNO,AIRPORT,Y-L,03/21,4919,150,ASPH-G,MED,21,130,,50,G
O22,AIRPORT,Y-L,17/35,4673,75,ASPH-G,MED,30,,,,F
CEC,AIRPORT,Y-L,12/30,5002,150,ASPH-F,HIGH,30,43,,,F
CEC,AIRPORT,Y-L,18/36,5000,150,ASPH-F,MED,30,43,,,F
DAG,AIRPORT,Y-L,08/26,6402,150,ASPH-F,MED,30,170,320,,F
DAG,AIRPORT,Y-L,04/22,5123,100,ASPH-F,MED,30,105,190,,F
EMT,AIRPORT,Y-L,01/19,3995,75,ASPH-G,MED,12,,,,G
FOT,AIRPORT,Y-L,11/29,4004,100,ASPH-G,MED,30,,,,F
FAT,AIRPORT,Y-L,11L/29R,9539,150,ASPH-G,HIGH,70,170,250,,G
FAT,AIRPORT,Y-L,11R/29L,8008,150,ASPH-G,MED,70,170,250,,G
FUL,AIRPORT,Y-L,06/24,3121,75,ASPH-G,MED,12,,,,G
HAF,AIRPORT,Y-L,12/30,5000,150,ASPH-CONC-F,MED,30,200,360,,G
HMT,AIRPORT,Y-L,05/23,4315,100,ASPH-G,MED,80,130,,,G
WJF,AIRPORT,Y-L,06/24,7201,150,ASPH-G,MED,50,68,117,,G
LHM,AIRPORT,Y-L,15/33,6001,100,ASPH-G,MED,30,60,,,G
LVK,AIRPORT,Y-L,07L/25R,5253,100,ASPH-E,HIGH,45,90,,,G
LVK,AIRPORT,Y-L,07R/25L,2699,75,ASPH-E,MED,12,,,,G
LGB,AIRPORT,Y-L,12/30,10000,200,ASPH-G,HIGH,30,200,300,,G
LGB,AIRPORT,Y-L,08R/26L,3918,100,ASPH-G,HIGH,30,75,,,G
LGB,AIRPORT,Y-L,08L/26R,6192,150,ASPH-E,MED,30,70,110,,G
WHP,AIRPORT,Y-L,12/30,4120,75,ASPH-G,MED,12,,,,G
LAX,AIRPORT,Y-L,07L/25R,12923,150,CONC-G,HIGH,175,225,400,900,G
LAX,AIRPORT,Y-L,06R/24L,10885,150,CONC-G,HIGH,175,225,400,900,G
LAX,AIRPORT,Y-L,06L/24R,8926,150,ASPH-CONC-G,HIGH,175,225,400,900,G
LAX,AIRPORT,Y-L,07R/25L,11095,200,ASPH-CONC-G,HIGH,175,225,400,900,G
MER,AIRPORT,Y-L,13/31,11802,150,ASPH-CONC-G,HIGH,155,200,415,720,G
MCE,AIRPORT,Y-L,12/30,5914,150,ASPH-G,HIGH,30,100,155,,G
MOD,AIRPORT,Y-L,10L/28R,5904,150,ASPH-G,HIGH,60,200,400,,G
MOD,AIRPORT,Y-L,10R/28L,3464,100,ASPH-G,MED,30,,,,G
SIY,AIRPORT,Y-L,17/35,7490,150,ASPH-G,MED,60,180,270,,G
MRY,AIRPORT,Y-L,10L/28R,3503,60,ASPH-F,MED,12,,,,G
MRY,AIRPORT,Y-L,10R/28L,7175,150,ASPH-G,HIGH,100,160,300,,G
APC,AIRPORT,Y-L,01R/19L,2510,75,ASPH-G,,13,,,,G
APC,AIRPORT,Y-L,01L/19R,5930,150,ASPH-G,MED,102,134,120,,G
APC,AIRPORT,Y-L,06/24,5008,150,CONC-F,MED,60,76,120,,G
EED,AIRPORT,Y-L,11/29,5005,100,ASPH-P,MED,16,32,,,F
EED,AIRPORT,Y-L,02/20,4235,100,ASPH-F,MED,16,32,,,F
OAK,AIRPORT,Y-L,10R/28L,6213,150,ASPH-G,HIGH,75,210,500,900,G
OAK,AIRPORT,Y-L,12/30,10520,150,ASPH-G,HIGH,75,210,500,900,G
OAK,AIRPORT,Y-L,15/33,3376,75,ASPH-G,MED,12,65,100,,G
OAK,AIRPORT,Y-L,10L/28R,5457,150,ASPH-G,HIGH,75,210,500,900,G
ONT,AIRPORT,Y-L,08R/26L,10200,150,CONC-G,HIGH,30,200,560,850,G
ONT,AIRPORT,Y-L,08L/26R,12197,150,CONC-G,HIGH,30,200,560,850,G
OXR,AIRPORT,Y-L,07/25,5953,100,ASPH-F,MED,91,126,174,117,F
TRM,AIRPORT,Y-L,17/35,8500,150,ASPH-G,MED,75,200,325,850,F
TRM,AIRPORT,Y-L,12/30,4995,100,ASPH-G,MED,20,60,,,G
PSP,AIRPORT,Y-L,13L/31R,4952,75,ASPH-G,MED,12,60,,,G
PSP,AIRPORT,Y-L,13R/31L,10000,150,ASPH-G,HIGH,105,200,330,800,G
PRB,AIRPORT,Y-L,01/19,6008,150,ASPH-G,HIGH,60,106,150,,G
PRB,AIRPORT,Y-L,13/31,4701,100,ASPH-G,MED,30,50,90,,G
PVF,AIRPORT,Y-L,05/23,3914,76,ASPH-G,MED,26,,,,F
PTV,AIRPORT,Y-L,12/30,5960,150,ASPH-G,HIGH,30,70,110,,F
RBL,AIRPORT,Y-L,15/33,5431,100,ASPH-E,MED,30,65,,,G
RDD,AIRPORT,Y-L,16/34,7003,150,ASPH-G,HIGH,98,128,195,,G
RDD,AIRPORT,Y-L,12/30,5067,150,ASPH-G,MED,60,72,110,,G
O32,AIRPORT,Y-L,16/34,3300,60,ASPH-E,MED,12,,,,G
SMF,AIRPORT,Y-L,17L/35R,8605,150,CONC-G,HIGH,120,239,439,961,G
SMF,AIRPORT,Y-L,17R/35L,8598,150,CONC-G,HIGH,120,239,439,961,G
MHR,AIRPORT,Y-L,04L/22R,6081,150,ASPH-G,MED,90,105,190,,G
MHR,AIRPORT,Y-L,04R/22L,11301,150,ASPH-CONC-G,HIGH,160,280,500,,G
SAC,AIRPORT,Y-L,12/30,3837,100,ASPH-G,MED,30,43,67,,G
SAC,AIRPORT,Y-L,02/20,5503,150,ASPH-G,MED,60,130,210,,G
MCC,AIRPORT,Y,16/34,10599,150,CONC-G,HIGH,155,300,500,,G
SNS,AIRPORT,Y-L,08/26,6004,150,ASPH-G,MED,25,32,62,,G
SNS,AIRPORT,Y-L,13/31,4825,150,ASPH-G,HIGH,65,100,170,,G
SBD,AIRPORT,Y-L,06/24,10000,200,CONC-E,HIGH,97,265,890,960,G
SAN,AIRPORT,Y-L,09/27,9401,200,ASPH-CONC-E,HIGH,100,150,250,720,G
SFO,AIRPORT,Y-L,10R/28L,11381,200,ASPH-G,HIGH,75,200,400,877,G
SFO,AIRPORT,Y-L,01L/19R,7650,200,ASPH-G,HIGH,75,200,400,877,G
SFO,AIRPORT,Y-L,01R/19L,8650,200,ASPH-G,HIGH,75,200,400,877,G
SFO,AIRPORT,Y-L,10L/28R,11870,200,ASPH-G,HIGH,75,200,400,877,G
SJC,AIRPORT,Y-L,12L/30R,11000,150,CONC-G,HIGH,220,250,605,,G
SJC,AIRPORT,Y-L,12R/30L,11000,150,CONC-G,HIGH,220,250,605,875,G
SBP,AIRPORT,Y-L,07/25,2500,100,ASPH-G,,12,12,,,G
SBP,AIRPORT,Y-L,11/29,6101,150,ASPH-G,HIGH,112,147,,,G
SNA,AIRPORT,Y-L,02L/20R,5700,150,ASPH-G,HIGH,70,200,300,,G
SNA,AIRPORT,Y-L,02R/20L,2886,75,ASPH-G,MED,25,60,,,G
SBA,AIRPORT,Y-L,15R/33L,4184,100,ASPH-G,MED,48,63,100,,G
SBA,AIRPORT,Y-L,07/25,6052,150,ASPH-G,HIGH,110,160,245,,G
SBA,AIRPORT,Y-L,15L/33R,4180,75,ASPH-G,,35,41,63,,G
SMX,AIRPORT,Y-L,12/30,8004,150,ASPH-G,HIGH,75,181,400,,G
SMX,AIRPORT,Y-L,02/20,5199,75,ASPH-G,,70,90,150,,G
STS,AIRPORT,Y-L,02/20,5202,100,ASPH-G,MED,109,154,254,,G
STS,AIRPORT,Y-L,14/32,6000,150,ASPH-G,HIGH,120,184,300,,G
MIT,AIRPORT,Y-L,08/26,3680,60,ASPH-G,,125,,,,G
MIT,AIRPORT,Y-L,12/30,4501,100,ASPH-G,MED,22,,,,G
MIT,AIRPORT,Y-L,17/35,2972,100,CONC-G,,25,30,,,G
TVL,AIRPORT,Y-L,18/36,8541,100,ASPH-E,MED,70,125,210,,G
SCK,AIRPORT,Y-L,11L/29R,10249,150,ASPH-G,HIGH,40,150,360,650,G
SCK,AIRPORT,Y-L,11R/29L,4448,75,ASPH-G,,12,,,,G
SCK,AIRPORT,Y-L,H1,70,70,CONC-G,,45,55,,,
TOA,AIRPORT,Y-L,11L/29R,5001,150,ASPH-CONC-F,MED,30,50,90,,F
TOA,AIRPORT,Y-L,11R/29L,3000,75,ASPH-CONC-F,MED,28,,,,F
TRK,AIRPORT,Y-L,02/20,4654,75,ASPH-G,MED,35,50,,,G
TRK,AIRPORT,Y-L,11/29,7001,100,ASPH-G,MED,50,80,,,G
UKI,AIRPORT,Y-L,15/33,4423,150,ASPH-E,MED,28,,,,G
VNY,AIRPORT,Y-L,16R/34L,8001,150,ASPH-G,HIGH,90,120,210,,G
VNY,AIRPORT,Y-L,16L/34R,4013,75,ASPH-G,MED,14,,,,F
WVI,AIRPORT,Y-L,09/27,3998,98,ASPH-F,,45,65,,,F
WVI,AIRPORT,Y-L,02/20,4502,149,ASPH-E,MED,81,96,167,,G
ALS,AIRPORT,Y-L,02/20,8521,100,ASPH-G,HIGH,52,70,,,F
ASE,AIRPORT,Y-L,15/33,8006,100,ASPH-G,MED,80,100,160,,G
1V6,AIRPORT,Y-L,11/29,5399,75,ASPH-G,MED,26,26,,,F
COS,AIRPORT,Y,13/31,8270,150,ASPH-G,MED,120,171,279,691,G
COS,AIRPORT,Y,17L/35R,13500,150,CONC-G,HIGH,120,250,550,1120,G
COS,AIRPORT,Y,17R/35L,11022,150,ASPH-G,HIGH,120,250,550,1120,G
CEZ,AIRPORT,Y-L,03/21,7205,100,ASPH-G,MED,40,56,,,G
BJC,AIRPORT,Y-L,12R/30L,7002,75,ASPH-G,MED,47,61,,,F
BJC,AIRPORT,Y-L,12L/30R,9000,100,ASPH-G,HIGH,65,105,150,,F
BJC,AIRPORT,Y-L,03/21,3600,75,ASPH-F,MED,40,45,65,,F
APA,AIRPORT,Y-L,17R/35L,7001,75,ASPH-G,MED,30,,,,G
APA,AIRPORT,Y-L,10/28,4800,75,ASPH-G,MED,12,,,,G
APA,AIRPORT,Y-L,17L/35R,10001,100,ASPH-G,MED,56,75,,,G
DRO,AIRPORT,Y-L,03/21,9201,150,ASPH-G,HIGH,95,150,210,,G
EGE,AIRPORT,Y-L,07/25,9000,150,ASPH-E,HIGH,75,140,255,,G
FNL,AIRPORT,Y-L,15/33,8500,100,ASPH-G,HIGH,50,65,130,,G
FMM,AIRPORT,Y-L,14/32,5731,75,ASPH-G,MED,30,,,,G
GNB,AIRPORT,Y-L,09/27,5001,75,ASPH-F,LOW,15,15,,,P
GJT,AIRPORT,Y-L,11/29,10503,150,ASPH-E,HIGH,110,180,260,,F
GJT,AIRPORT,Y-L,04/22,5501,75,ASPH-G,MED,26,26,,,F
HDN,AIRPORT,Y-L,10/28,10000,150,ASPH-G,HIGH,75,170,260,,G
MVI,AIRPORT,Y-L,02/20,5902,60,ASPH-F,MED,12,,,,F
MTJ,AIRPORT,Y-L,17/35,10000,150,ASPH-G,HIGH,75,190,265,,G
MTJ,AIRPORT,Y-L,13/31,7510,100,ASPH-G,HIGH,65,90,150,,G
PUB,AIRPORT,Y,08L/26R,4690,75,ASPH-G,MED,20,,,,G
PUB,AIRPORT,Y,17/35,8310,150,ASPH-G,MED,93,110,170,,G
PUB,AIRPORT,Y,08R/26L,10498,150,ASPH-G,HIGH,75,170,250,,G
RIL,AIRPORT,Y-L,08/26,7000,100,ASPH-G,HIGH,90,200,250,,G
SBS,AIRPORT,Y-L,14/32,4452,100,ASPH-G,HIGH,50,60,,,F
BDR,AIRPORT,Y-L,11/29,4759,150,ASPH-F,HIGH,30,108,,,F
BDR,AIRPORT,Y-L,06/24,4677,100,ASPH-E,HIGH,57,80,,,G
GON,AIRPORT,Y-L,05/23,5000,150,ASPH-G,HIGH,90,113,200,,G
GON,AIRPORT,Y-L,15/33,4000,96,ASPH-G,HIGH,90,113,,,G
BDL,AIRPORT,Y-L,15/33,6847,150,ASPH-E,HIGH,200,200,350,,G
BDL,AIRPORT,Y-L,06/24,9510,200,ASPH-E,HIGH,200,200,350,710,G
IAD,AIRPORT,Y-L,01R/19L,11500,150,CONC-G,HIGH,200,250,450,875,G
IAD,AIRPORT,Y-L,01C/19C,11500,150,CONC-E,HIGH,200,250,450,875,G
IAD,AIRPORT,Y-L,12/30,10501,150,CONC-G,HIGH,200,250,450,875,G
IAD,AIRPORT,Y-L,01L/19R,9400,150,CONC-E,HIGH,200,250,450,875,G
HEF,AIRPORT,Y-L,16L/34R,6200,100,ASPH-G,HIGH,50,140,,,G
HEF,AIRPORT,Y-L,16R/34L,3715,75,ASPH-E,MED,12,,,,G
BOW,AIRPORT,Y-L,05/23,5000,100,ASPH-P,MED,35,60,110,,G
BCT,AIRPORT,Y-L,05/23,6276,150,ASPH-G,MED,66,95,,,F
BKV,AIRPORT,Y-L,09/27,7001,150,CONC-G,MED,90,130,230,,G
BKV,AIRPORT,Y-L,03/21,5014,150,CONC-G,MED,50,75,135,,G
CEW,AIRPORT,Y-L,17/35,8006,150,ASPH-F,HIGH,60,120,170,,G
FLL,AIRPORT,Y,10L/28R,9000,150,ASPH-CONC-E,HIGH,100,200,468,800,G
FLL,AIRPORT,Y,10R/28L,8000,150,CONC-E,HIGH,120,247,461,987,G
FXE,AIRPORT,Y-L,13/31,4000,100,ASPH-G,MED,30,60,,,G
FXE,AIRPORT,Y-L,09/27,6002,100,ASPH-G,HIGH,56,81,,,G
RSW,AIRPORT,Y-L,06/24,12000,150,ASPH-F,HIGH,120,250,538,1045,G
FPR,AIRPORT,Y-L,10R/28L,6492,150,ASPH-F,MED,50,110,230,,G
FPR,AIRPORT,Y-L,14/32,4755,100,ASPH-E,MED,15,,,,G
FPR,AIRPORT,Y-L,10L/28R,4000,75,ASPH-G,MED,15,,,,G
JAX,AIRPORT,Y-L,14/32,7701,150,CONC-G,HIGH,120,250,480,1000,G
JAX,AIRPORT,Y-L,08/26,10000,150,CONC-G,HIGH,120,250,485,1005,F
CRG,AIRPORT,Y-L,14/32,4008,100,ASPH-E,HIGH,30,,,,F
CRG,AIRPORT,Y-L,05/23,4004,100,ASPH-F,MED,30,,,,F
EYW,AIRPORT,Y-L,09/27,5076,100,ASPH-E,MED,75,125,195,,F
LCQ,AIRPORT,Y-L,10/28,8003,150,ASPH-E,MED,75,105,250,,G
LAL,AIRPORT,Y,05/23,5000,150,ASPH-F,HIGH,94,150,,,G
LAL,AIRPORT,Y,10/28,8500,150,ASPH-E,HIGH,50,250,550,1120,G
MKY,AIRPORT,Y-L,17/35,5000,100,ASPH-G,MED,75,108,,,F
MLB,AIRPORT,Y-L,09L/27R,6000,150,ASPH-E,MED,60,60,,,G
MLB,AIRPORT,Y-L,05/23,3001,75,ASPH-E,MED,26,,,,G
MLB,AIRPORT,Y-L,09R/27L,10181,150,ASPH-E,HIGH,100,165,300,,G
MIA,AIRPORT,Y-L,09/27,13016,150,ASPH-G,HIGH,130,210,420,850,G
MIA,AIRPORT,Y-L,08L/26R,8600,150,ASPH-G,HIGH,130,210,420,850,G
MIA,AIRPORT,Y-L,08R/26L,10506,200,ASPH-G,HIGH,130,210,420,850,G
MIA,AIRPORT,Y-L,12/30,9360,150,ASPH-G,HIGH,130,210,420,850,G
2R4,AIRPORT,Y-L,18/36,3701,75,ASPH-G,MED,22,,,,F
EVB,AIRPORT,Y-L,02/20,4000,100,ASPH-P,,55,,,,G
EVB,AIRPORT,Y-L,07/25,5000,75,ASPH-G,MED,55,,,,F
EVB,AIRPORT,Y-L,11/29,4319,75,ASPH-G,MED,55,,,,F
OCF,AIRPORT,Y-L,18/36,7467,150,ASPH-G,HIGH,111,181,328,,F
OCF,AIRPORT,Y-L,08/26,3009,50,ASPH-G,,30,,,,F
ISM,AIRPORT,Y-L,15/33,6001,100,ASPH-G,MED,114,189,300,,G
ISM,AIRPORT,Y-L,06/24,5001,100,ASPH-G,MED,89,140,,,F
MCO,AIRPORT,Y-L,17L/35R,9001,150,CONC-G,HIGH,75,210,420,900,G
MCO,AIRPORT,Y-L,17R/35L,10000,150,CONC-G,HIGH,75,210,400,,G
MCO,AIRPORT,Y-L,18L/36R,12005,200,ASPH-CONC-G,HIGH,165,200,400,,G
MCO,AIRPORT,Y-L,18R/36L,12004,200,ASPH-CONC-G,HIGH,100,200,400,,G
ORL,AIRPORT,Y-L,13/31,4625,100,ASPH-F,HIGH,35,60,,,F
ORL,AIRPORT,Y-L,07/25,6004,150,ASPH-F,HIGH,45,100,115,,G
ECP,AIRPORT,Y-L,16/34,10000,150,CONC-E,HIGH,100,155,400,750,G
SRQ,AIRPORT,Y-L,04/22,5006,150,ASPH-G,HIGH,120,219,404,,F
SRQ,AIRPORT,Y-L,14/32,9500,150,ASPH-F,HIGH,118,196,358,,F
SUA,AIRPORT,Y-L,16/34,5000,100,ASPH-E,,55,90,160,,G
SUA,AIRPORT,Y-L,07/25,4653,100,ASPH-F,MED,58,95,170,,G
SUA,AIRPORT,Y-L,12/30,5828,100,ASPH-G,MED,65,105,190,,G
TLH,AIRPORT,Y-L,09/27,8000,150,ASPH-G,HIGH,115,170,330,,G
TLH,AIRPORT,Y-L,18/36,7000,150,ASPH-P,HIGH,115,170,330,,F
X21,AIRPORT,Y-L,15/33,2961,70,ASPH-G,MED,12,,,,G
TIX,AIRPORT,Y-L,18/36,7319,150,ASPH-F,HIGH,80,110,190,,F
TIX,AIRPORT,Y-L,09/27,5000,100,ASPH-E,MED,50,80,,,F
VNC,AIRPORT,Y-L,05/23,5000,150,ASPH-G,MED,75,108,,,G
VNC,AIRPORT,Y-L,13/31,5640,150,ASPH-G,MED,75,108,,,G
X60,AIRPORT,Y-L,05/23,6669,100,CONC-G,HIGH,72,95,160,,F
X60,AIRPORT,Y-L,14/32,4979,60,ASPH-G,MED,38,,,,F
AHN,AIRPORT,Y,02/20,3995,100,ASPH-F,MED,40,45,,,P
AHN,AIRPORT,Y,09/27,6122,100,ASPH-E,HIGH,65,125,,,G
FFC,AIRPORT,Y-L,13/31,5768,100,ASPH-G,MED,48,60,,,F
PDK,AIRPORT,Y-L,03L/21R,3746,150,ASPH-F,MED,20,,,,G
PDK,AIRPORT,Y-L,03R/21L,6001,100,CONC-G,HIGH,46,75,,,G
PDK,AIRPORT,Y-L,16/34,3968,150,ASPH-F,MED,20,,,,F
DNL,AIRPORT,Y-L,11/29,3733,100,ASPH-G,MED,30,,,,G
DNL,AIRPORT,Y-L,05/23,4002,100,ASPH-G,MED,30,,,,G
AGS,AIRPORT,Y,17/35,8001,150,CONC-G,HIGH,155,160,450,975,G
AGS,AIRPORT,Y,08/26,6002,75,ASPH-E,MED,52,71,126,,G
18A,AIRPORT,Y-L,08/26,5000,75,ASPH-G,MED,15,,,,G
CNI,AIRPORT,Y-L,05/23,5003,75,ASPH-G,MED,26,,,,G
CTJ,AIRPORT,Y-L,17/35,5503,100,ASPH-G,HIGH,43,56,83,,G
48A,AIRPORT,Y-L,05/23,3202,50,ASPH-F,,25,,,,G
HMP,AIRPORT,Y-L,06/24,5509,100,ASPH-G,MED,30,45,,,G
AZE,AIRPORT,Y-L,14/32,5012,75,ASPH-G,MED,30,,,,G
JZP,AIRPORT,Y-L,16/34,5000,100,ASPH-F,MED,60,95,,,F
09J,AIRPORT,Y-L,18/36,3715,75,ASPH-G,MED,20,,,,G
LZU,AIRPORT,Y-L,07/25,6001,100,ASPH-G,HIGH,93,120,,,G
SAV,AIRPORT,Y-L,10/28,9351,150,CONC-G,HIGH,75,190,310,,G
SAV,AIRPORT,Y-L,01/19,7002,150,CONC-G,HIGH,75,190,310,,G
OPN,AIRPORT,Y-L,12/30,6350,100,ASPH-G,MED,20,50,,,G
VDI,AIRPORT,Y-L,07/25,6002,100,CONC-F,HIGH,30,48,85,,F
VDI,AIRPORT,Y-L,14/32,5002,75,CONC-G,,30,48,85,,G
WDR,AIRPORT,Y-L,05/23,3607,100,ASPH-G,MED,20,,,,G
WDR,AIRPORT,Y-L,13/31,5202,100,ASPH-G,HIGH,20,,,,G
BOI,AIRPORT,Y-L,10L/28R,10000,150,ASPH-G,HIGH,100,210,446,947,G
BOI,AIRPORT,Y-L,10R/28L,9763,150,ASPH-G,HIGH,100,210,430,994,G
65S,AIRPORT,Y-L,02/20,4002,75,ASPH-G,MED,25,,,,G
LLJ,AIRPORT,Y-L,17/35,4601,60,ASPH-E,MED,30,,,,G
COE,AIRPORT,Y-L,02/20,5400,75,ASPH-G,MED,50,83,150,,G
COE,AIRPORT,Y-L,06/24,7400,100,ASPH-G,HIGH,57,95,165,,G
GIC,AIRPORT,Y-L,08/26,5101,75,ASPH-E,MED,75,95,145,,G
SUN,AIRPORT,Y-L,13/31,7550,100,ASPH-G,HIGH,65,95,150,,G
IDA,AIRPORT,Y-L,03/21,9002,150,ASPH-G,HIGH,140,175,270,,G
IDA,AIRPORT,Y-L,17/35,3964,75,ASPH-G,MED,43,58,,,G
JER,AIRPORT,Y-L,09/27,5002,75,ASPH-E,MED,20,,,,G
LWS,AIRPORT,Y-L,12/30,5003,75,ASPH-E,MED,118,196,,,G
LWS,AIRPORT,Y-L,08/26,6511,150,ASPH-E,HIGH,150,180,400,,G
MYL,AIRPORT,Y-L,16/34,6101,75,ASPH-G,MED,86,141,261,,G
MAN,AIRPORT,Y-L,11/29,5000,75,ASPH-G,MED,26,50,60,,F
PIH,AIRPORT,Y-L,03/21,9059,150,ASPH-G,HIGH,100,160,265,,G
PIH,AIRPORT,Y-L,17/35,7150,100,ASPH-G,MED,74,110,199,,F
U10,AIRPORT,Y-L,04/22,3558,60,ASPH-G,MED,12,,,,G
SMN,AIRPORT,Y-L,17/35,5510,75,ASPH-G,MED,12,,,,G
SZT,AIRPORT,Y-L,02/20,5501,75,ASPH-G,MED,40,,,,G
TWF,AIRPORT,Y-L,08/26,8704,150,ASPH-G,HIGH,75,200,250,,G
TWF,AIRPORT,Y-L,12/30,3224,75,ASPH-F,,19,,,,G
CPS,AIRPORT,Y-L,05/23,2799,75,ASPH-F,MED,12,,,,F
CPS,AIRPORT,Y-L,12L/30R,5301,75,CONC-F,MED,30,30,,,F
CPS,AIRPORT,Y-L,12R/30L,7002,150,ASPH-E,HIGH,65,95,175,,G
UGN,AIRPORT,Y-L,05/23,6001,150,ASPH-G,HIGH,95,120,200,,G
UGN,AIRPORT,Y-L,14/32,3750,75,ASPH-G,MED,16,23,,,G
DPA,AIRPORT,Y-L,02R/20L,6451,100,CONC-G,MED,30,45,,,G
DPA,AIRPORT,Y-L,15/33,3399,100,ASPH-G,MED,30,45,100,,G
DPA,AIRPORT,Y-L,10/28,4750,75,ASPH-G,HIGH,30,45,,,G
DPA,AIRPORT,Y-L,02L/20R,7571,150,CONC-G,HIGH,30,45,,,G
MLI,AIRPORT,Y-L,05/23,3515,150,CONC-G,MED,60,75,120,,F
MLI,AIRPORT,Y-L,09/27,10002,150,CONC-G,HIGH,100,173,353,,G
MLI,AIRPORT,Y-L,13/31,7301,150,ASPH-CONC-G,HIGH,60,140,200,,G
PIA,AIRPORT,Y-L,13/31,10104,150,CONC-G,HIGH,100,175,310,,G
PIA,AIRPORT,Y-L,04/22,8004,150,ASPH-F,HIGH,100,175,300,,F
RFD,AIRPORT,Y-L,07/25,10002,150,ASPH-CONC-G,HIGH,100,190,360,850,G
RFD,AIRPORT,Y-L,01/19,8200,150,ASPH-CONC-G,HIGH,100,210,390,850,G
SPI,AIRPORT,Y-L,13/31,7400,150,ASPH-F,HIGH,70,90,160,,G
SPI,AIRPORT,Y-L,04/22,8001,150,CONC-F,HIGH,100,200,350,,G
BAK,AIRPORT,Y-L,05/23,6401,150,CONC-E,HIGH,75,130,200,,G
BAK,AIRPORT,Y-L,14/32,5000,100,CONC-E,MED,120,171,290,735,G
EVV,AIRPORT,Y-L,04/22,8021,150,ASPH-G,HIGH,100,175,300,,G
EVV,AIRPORT,Y-L,09/27,3497,75,ASPH-G,MED,30,40,60,,G
EVV,AIRPORT,Y-L,18/36,6286,150,ASPH-G,HIGH,100,175,300,,G
GYY,AIRPORT,Y-L,02/20,3604,100,ASPH-F,MED,18,28,,,F
GYY,AIRPORT,Y-L,12/30,8859,150,CONC-G,HIGH,75,157,175,250,G
IND,AIRPORT,Y-L,05L/23R,11200,150,CONC-G,HIGH,145,300,550,,G
IND,AIRPORT,Y-L,05R/23L,10000,150,CONC-G,HIGH,145,300,550,,G
IND,AIRPORT,Y-L,14/32,7278,150,ASPH-G,HIGH,145,300,550,,G
LAF,AIRPORT,Y-L,10/28,6600,150,ASPH-G,HIGH,90,110,165,,F
LAF,AIRPORT,Y-L,05/23,4225,100,ASPH-G,MED,48,58,90,,F
RID,AIRPORT,Y-L,15/33,4999,100,ASPH-F,MED,30,40,60,,G
RID,AIRPORT,Y-L,06/24,5502,150,ASPH-E,MED,30,40,60,,G
DBQ,AIRPORT,Y-L,13/31,6502,100,CONC-G,HIGH,75,125,215,,G
DBQ,AIRPORT,Y-L,18/36,6327,150,CONC-G,HIGH,75,173,275,,G
GCK,AIRPORT,Y-L,17/35,7299,100,CONC-G,HIGH,76,91,125,,G
GCK,AIRPORT,Y-L,12/30,5700,100,CONC-G,MED,48,60,,,G
HUT,AIRPORT,Y-L,17/35,4012,75,CONC-E,MED,43,58,76,,G
HUT,AIRPORT,Y-L,13/31,7003,100,ASPH-E,HIGH,44,58,103,,F
HUT,AIRPORT,Y-L,04/22,4405,100,ASPH-F,MED,42,52,76,,G
LBL,AIRPORT,Y-L,17/35,7105,100,CONC-E,HIGH,80,100,,,G
LBL,AIRPORT,Y-L,04/22,5000,75,CONC-E,MED,30,60,,,G
EWK,AIRPORT,Y-L,17/35,7003,100,CONC-G,HIGH,50,75,135,,G
EWK,AIRPORT,Y-L,08/26,3501,60,ASPH-G,MED,13,,,,G
TOP,AIRPORT,Y-L,18/36,4331,75,ASPH-G,MED,60,80,96,,F
TOP,AIRPORT,Y-L,13/31,5099,100,ASPH-G,HIGH,50,72,110,,G
ICT,AIRPORT,Y-L,01R/19L,7302,150,CONC-G,HIGH,125,240,400,,G
ICT,AIRPORT,Y-L,14/32,6301,150,CONC-G,HIGH,100,190,280,,G
ICT,AIRPORT,Y-L,01L/19R,10302,150,CONC-G,HIGH,100,210,300,,G
AAO,AIRPORT,Y-L,18/36,6101,100,CONC-G,MED,40,62,,,G
BWG,AIRPORT,Y-L,12/30,3956,150,ASPH-P,MED,25,40,,,G
BWG,AIRPORT,Y-L,03/21,6501,150,ASPH-G,HIGH,120,221,358,,F
FFT,AIRPORT,Y,07/25,5506,100,ASPH-G,MED,76,100,82,,G
GLW,AIRPORT,Y-L,08/26,5302,100,ASPH-G,MED,43,62,,,G
LOZ,AIRPORT,Y,06/24,5751,150,ASPH-G,MED,61,82,151,,G
2I0,AIRPORT,Y-L,05/23,6051,100,ASPH-F,HIGH,92,127,,,F
M25,AIRPORT,Y-L,01/19,5002,100,ASPH-F,MED,16,,,,P
EKQ,AIRPORT,Y-L,03/21,4000,75,ASPH-G,MED,12,,,,P
IOB,AIRPORT,Y-L,03/21,5000,75,ASPH-G,MED,20,,,,G
PAH,AIRPORT,Y-L,05/23,6500,150,ASPH-G,HIGH,76,99,170,,G
PAH,AIRPORT,Y-L,14/32,5499,150,ASPH-G,MED,75,100,170,,G
SJS,AIRPORT,Y-L,03/21,5000,100,ASPH-E,MED,19,,,,G
HUM,AIRPORT,Y-L,18/36,6508,150,CONC-G,MED,116,224,406,907,G
HUM,AIRPORT,Y-L,12/30,4999,185,CONC-G,MED,50,70,137,,G
LFT,AIRPORT,Y-L,11/29,5400,148,ASPH-G,MED,85,110,175,,G
LFT,AIRPORT,Y-L,04R/22L,8000,150,ASPH-G,HIGH,140,170,290,,G
LFT,AIRPORT,Y-L,04L/22R,4099,75,ASPH-F,MED,25,32,,,F
MLU,AIRPORT,Y-L,14/32,6301,150,ASPH-G,MED,75,170,290,,G
MLU,AIRPORT,Y-L,04/22,7504,150,ASPH-G,HIGH,75,170,290,,G
NEW,AIRPORT,Y-L,18L/36R,3697,75,ASPH-G,MED,35,55,80,,G
NEW,AIRPORT,Y-L,18R/36L,6879,150,ASPH-G,MED,60,175,200,350,G
NEW,AIRPORT,Y-L,09/27,3114,75,ASPH-F,MED,50,80,100,,G
SHV,AIRPORT,Y-L,14/32,8348,200,ASPH-E,HIGH,75,190,400,,G
SHV,AIRPORT,Y-L,06/24,7003,150,ASPH-E,MED,75,158,280,,G
TVR,AIRPORT,Y-L,18/36,5002,100,ASPH-G,MED,60,75,,,G
BGR,AIRPORT,Y-L,15/33,11440,200,ASPH-G,HIGH,100,210,400,,G
RKD,AIRPORT,Y-L,03/21,4000,100,ASPH-G,MED,65,80,,,G
RKD,AIRPORT,Y-L,13/31,5412,100,ASPH-E,HIGH,65,80,,,G
SFM,AIRPORT,Y-L,07/25,6389,100,ASPH-G,HIGH,65,100,,,G
BWI,AIRPORT,Y-L,10/28,10503,150,ASPH-G,HIGH,80,220,1020,1340,G
BWI,AIRPORT,Y-L,15L/33R,5000,100,ASPH-F,HIGH,30,45,,,G
BWI,AIRPORT,Y-L,15R/33L,9501,150,ASPH-G,HIGH,80,220,675,890,G
FDK,AIRPORT,Y-L,05/23,5819,100,ASPH-G,HIGH,60,,,,G
AQW,AIRPORT,Y-L,11/29,4300,100,ASPH-E,MED,25,,,,G
OWD,AIRPORT,Y-L,10/28,3995,75,ASPH-G,,58,69,,,G
OWD,AIRPORT,Y-L,17/35,4007,100,ASPH-G,MED,58,69,,,G
GLR,AIRPORT,Y-L,18/36,4200,75,ASPH-G,MED,12,,,,F
OZW,AIRPORT,Y-L,13/31,5002,100,CONC-G,HIGH,100,,,,F
LAN,AIRPORT,Y-L,10R/28L,8506,150,ASPH-G,HIGH,100,175,300,,G
LAN,AIRPORT,Y-L,06/24,5003,120,ASPH-F,MED,45,65,100,,G
LAN,AIRPORT,Y-L,10L/28R,3601,75,ASPH-F,,12,,,,F
SAW,AIRPORT,Y-L,01/19,9072,150,ASPH-G,HIGH,114,181,317,741,F
OSC,AIRPORT,Y-L,07/25,11800,200,ASPH-G,HIGH,155,330,550,,G
PLN,AIRPORT,Y-L,05/23,5401,150,ASPH-G,MED,76,115,215,,F
PLN,AIRPORT,Y-L,14/32,6513,150,ASPH-G,HIGH,76,115,215,,F
LWA,AIRPORT,Y-L,05/23,4800,75,ASPH-G,MED,12,,,,G
TVC,AIRPORT,Y-L,10/28,7016,150,ASPH-F,HIGH,120,230,440,,G
TVC,AIRPORT,Y-L,18/36,5378,150,ASPH-F,MED,70,110,190,,G
AIT,AIRPORT,Y-L,16/34,4000,75,ASPH-F,MED,12,,,,G
AUM,AIRPORT,Y-L,17/35,5800,100,CONC-G,HIGH,100,135,,,G
BJI,AIRPORT,Y-L,13/31,7004,150,ASPH-E,HIGH,75,200,,,G
BJI,AIRPORT,Y-L,07/25,5700,150,ASPH-E,MED,75,200,,,G
BRD,AIRPORT,Y-L,05/23,6512,150,CONC-G,HIGH,75,125,220,,G
BRD,AIRPORT,Y-L,16/34,7100,150,CONC-E,HIGH,75,125,220,,G
COQ,AIRPORT,Y-L,18/36,4002,75,ASPH-F,MED,8,12,,,G
DLH,AIRPORT,Y,03/21,5719,150,ASPH-G,MED,52,100,361,,G
DLH,AIRPORT,Y,09/27,10591,150,CONC-F,HIGH,94,180,650,,G
ELO,AIRPORT,Y-L,12/30,5596,100,ASPH-G,MED,99,159,,,G
GPZ,AIRPORT,Y-L,16/34,5756,100,ASPH-G,HIGH,23,38,78,,G
GPZ,AIRPORT,Y-L,05/23,3000,60,ASPH-G,MED,125,,,,G
HIB,AIRPORT,Y-L,13/31,6758,150,ASPH-E,HIGH,60,100,160,,G
HIB,AIRPORT,Y-L,04/22,3075,75,ASPH-E,,35,45,,,G
INL,AIRPORT,Y,04/22,2999,75,ASPH-F,,12,,,,F
INL,AIRPORT,Y,13/31,7400,150,ASPH-G,HIGH,100,125,190,,G
MKT,AIRPORT,Y-L,04/22,4000,75,ASPH-G,MED,18,25,,,G
MKT,AIRPORT,Y-L,15/33,6600,100,CONC-G,HIGH,60,120,155,237,G
MSP,AIRPORT,Y-L,12L/30R,8200,150,CONC-F,HIGH,100,200,400,850,G
MSP,AIRPORT,Y-L,12R/30L,10000,200,CONC-G,HIGH,100,200,400,850,G
MSP,AIRPORT,Y-L,17/35,8000,150,CONC-G,HIGH,100,200,400,850,G
MSP,AIRPORT,Y-L,04/22,11006,150,CONC-G,HIGH,100,200,400,850,G
ANE,AIRPORT,Y-L,18/36,4855,100,ASPH-G,MED,23,60,,,G
ANE,AIRPORT,Y-L,09/27,5000,100,ASPH-G,HIGH,23,60,,,G
FCM,AIRPORT,Y-L,10L/28R,3901,75,ASPH-F,MED,12,,,,G
FCM,AIRPORT,Y-L,10R/28L,5001,100,ASPH-G,HIGH,30,60,,,G
FCM,AIRPORT,Y-L,18/36,2690,75,ASPH-G,MED,12,,,,G
RST,AIRPORT,Y-L,02/20,7301,150,CONC-G,MED,100,175,300,,G
RST,AIRPORT,Y-L,13/31,9034,150,CONC-G,HIGH,100,175,300,,G
STP,AIRPORT,Y-L,09/27,3642,100,ASPH-G,MED,12,,,,G
STP,AIRPORT,Y-L,13/31,4004,150,ASPH-G,HIGH,97,135,228,,G
STP,AIRPORT,Y-L,14/32,6491,150,ASPH-G,HIGH,83,111,197,,G
SGS,AIRPORT,Y-L,16/34,4002,100,ASPH-G,MED,30,57,,,G
RRT,AIRPORT,Y-L,13/31,5400,100,ASPH-G,HIGH,30,40,,,G
GTR,AIRPORT,Y-L,18/36,8003,150,ASPH-G,HIGH,120,239,385,669,G
JAN,AIRPORT,Y-L,16L/34R,8500,150,ASPH-G,HIGH,75,200,390,850,G
JAN,AIRPORT,Y-L,16R/34L,8500,150,ASPH-E,HIGH,130,140,250,720,G
MEI,AIRPORT,Y-L,04/22,4599,150,ASPH-P,MED,78,118,211,,F
MEI,AIRPORT,Y-L,01/19,10003,150,ASPH-CONC-G,HIGH,120,250,550,,F
HEZ,AIRPORT,Y-L,18/36,5000,150,ASPH-P,MED,83,113,65,,P
HEZ,AIRPORT,Y-L,13/31,6500,150,ASPH-P,HIGH,50,78,172,,F
UOX,AIRPORT,Y-L,09/27,5600,100,ASPH-F,MED,38,55,90,,F
VKS,AIRPORT,Y-L,01/19,5001,100,ASPH-F,MED,30,50,90,,F
M17,AIRPORT,Y-L,18/36,4000,75,ASPH-E,MED,12,,,,G
BBG,AIRPORT,Y,14/32,7140,150,CONC-G,HIGH,75,200,350,700,G
CGI,AIRPORT,Y-L,10/28,6500,150,CONC-G,HIGH,93,125,215,,G
CGI,AIRPORT,Y-L,02/20,3997,100,ASPH-CONC-F,MED,45,60,100,,G
AIZ,AIRPORT,Y-L,04/22,6497,100,ASPH-G,MED,55,70,215,,F
MKC,AIRPORT,Y-L,01/19,6827,150,CONC-E,HIGH,86,171,342,,G
MKC,AIRPORT,Y-L,03/21,5050,100,ASPH-E,HIGH,48,73,136,,G
TKX,AIRPORT,Y-L,18/36,3012,75,ASPH-G,MED,10,,,,G
TKX,AIRPORT,Y-L,02/20,5000,75,CONC-G,MED,30,42,,,G
IRK,AIRPORT,Y-L,18/36,6005,100,CONC-F,HIGH,30,48,85,,F
MBY,AIRPORT,Y-L,05/23,3350,60,CONC-E,MED,4,,,,G
MBY,AIRPORT,Y-L,13/31,5000,75,CONC-E,MED,30,38,,,G
VIH,AIRPORT,Y-L,13/31,5501,100,ASPH-F,MED,48,62,92,,F
VIH,AIRPORT,Y-L,04/22,5500,100,ASPH-E,MED,75,85,130,,G
SIK,AIRPORT,Y-L,03/21,5502,100,ASPH-G,MED,30,38,,,P
SGF,AIRPORT,Y-L,02/20,7003,150,CONC-G,HIGH,135,170,300,,G
SGF,AIRPORT,Y-L,14/32,8000,150,CONC-E,HIGH,135,170,300,,G
BHK,AIRPORT,Y-L,13/31,5904,75,ASPH-E,MED,20,26,,,G
6S0,AIRPORT,Y-L,06/24,5285,75,ASPH-G,MED,12,,,,G
BIL,AIRPORT,Y-L,10R/28L,3800,75,ASPH-G,MED,12,,,,F
BIL,AIRPORT,Y-L,10L/28R,10518,150,ASPH-G,HIGH,120,214,365,,G
BIL,AIRPORT,Y-L,07/25,5501,75,ASPH-G,MED,12,,,,G
BZN,AIRPORT,Y-L,11/29,5050,75,ASPH-G,MED,12,,,,G
BZN,AIRPORT,Y-L,12/30,8994,150,ASPH-G,HIGH,120,250,550,1120,G
BZN,AIRPORT,Y-L,03/21,2650,75,ASPH-G,,12,,,,G
BTM,AIRPORT,Y-L,12/30,5100,75,ASPH-G,MED,12,,,,G
BTM,AIRPORT,Y-L,15/33,9000,150,ASPH-G,MED,60,125,175,,G
LTY,AIRPORT,Y-L,07/25,4607,75,ASPH-E,MED,12,,,,G
6S3,AIRPORT,Y,10/28,3800,75,ASPH-E,MED,12,,,,G
CTB,AIRPORT,Y-L,14/32,5300,75,ASPH-E,MED,27,37,,,G
CTB,AIRPORT,Y-L,05/23,5300,75,ASPH-E,MED,27,37,,,G
38S,AIRPORT,Y-L,13/31,5800,75,ASPH-E,MED,50,75,,,G
DLN,AIRPORT,Y-L,17/35,6501,75,ASPH-E,MED,58,75,129,,G
DLN,AIRPORT,Y-L,04/22,3600,60,ASPH-E,MED,12,,,,G
GTF,AIRPORT,Y,17/35,6030,150,ASPH-G,MED,87,140,245,245,G
GTF,AIRPORT,Y,03/21,10502,150,ASPH-G,HIGH,116,225,424,915,G
HRF,AIRPORT,Y-L,17/35,5200,75,ASPH-E,MED,40,53,,,G
HLN,AIRPORT,Y-L,05/23,4644,75,ASPH-F,MED,21,30,,,G
GPI,AIRPORT,Y-L,02/20,9007,150,ASPH-G,HIGH,115,198,321,,G
GPI,AIRPORT,Y-L,12/30,3510,75,ASPH-G,MED,25,40,,,G
LWT,AIRPORT,Y-L,03/21,5600,101,ASPH-P,,12,80,120,,P
LWT,AIRPORT,Y-L,08/26,6100,100,ASPH-G,MED,40,55,95,,G
LWT,AIRPORT,Y-L,13/31,4102,62,ASPH-G,MED,12,,,,G
MLS,AIRPORT,Y-L,04/22,5764,75,ASPH-E,MED,24,24,,,G
MLS,AIRPORT,Y-L,13/31,5624,100,ASPH-G,MED,38,55,85,,G
MSO,AIRPORT,Y-L,08/26,4612,75,ASPH-F,MED,30,50,,,G
MSO,AIRPORT,Y-L,12/30,9501,150,ASPH-G,HIGH,145,170,255,,G
8S1,AIRPORT,Y-L,18/36,4194,75,ASPH-G,MED,17,,,,G
SDY,AIRPORT,Y-L,01/19,5705,100,ASPH-G,MED,46,61,109,,G
SDY,AIRPORT,Y-L,11/29,4024,100,ASPH-G,MED,12,18,,,G
32S,AIRPORT,Y-L,12/30,3809,75,ASPH-G,MED,12,,,,G
RVF,AIRPORT,Y-L,17/35,6000,60,ASPH-G,MED,60,78,99,,G
WYS,AIRPORT,Y-L,01/19,8400,150,ASPH-G,HIGH,90,150,280,,G
FET,AIRPORT,Y-L,14/32,6353,100,CONC-G,MED,28,48,,,G
EAR,AIRPORT,Y-L,13/31,4498,75,CONC-E,MED,30,38,,,G
EAR,AIRPORT,Y-L,18/36,7094,100,CONC-E,HIGH,46,62,,,G
LNK,AIRPORT,Y-L,18/36,12901,200,ASPH-CONC-F,HIGH,100,200,400,,G
LNK,AIRPORT,Y-L,17/35,5801,100,ASPH-G,MED,45,59,,,G
LNK,AIRPORT,Y-L,14/32,8649,150,ASPH-F,MED,80,170,280,,G
LBF,AIRPORT,Y-L,12/30,8001,150,CONC-E,HIGH,75,110,190,,G
LBF,AIRPORT,Y-L,17/35,4436,100,CONC-E,MED,28,48,86,,G
OMA,AIRPORT,Y-L,14L/32R,8500,150,CONC-E,HIGH,100,209,345,,G
OMA,AIRPORT,Y-L,14R/32L,9502,150,CONC-E,HIGH,100,184,346,,G
OMA,AIRPORT,Y-L,18/36,8154,150,CONC-E,HIGH,150,175,260,,G
BFF,AIRPORT,Y-L,05/23,8002,150,ASPH-G,MED,98,158,285,,G
BFF,AIRPORT,Y-L,12/30,8279,150,ASPH-G,HIGH,109,178,321,,G
SNY,AIRPORT,Y,13/31,6600,100,CONC-G,HIGH,32,52,96,,G
BAM,AIRPORT,Y-L,04/22,7300,150,ASPH-G,MED,30,125,,,F
BAM,AIRPORT,Y-L,13/31,7299,100,ASPH-F,MED,30,104,,,P
BVU,AIRPORT,Y-L,15/33,3852,75,ASPH-G,MED,12,,,,G
BVU,AIRPORT,Y-L,09/27,5103,75,ASPH-G,MED,12,,,,G
CXP,AIRPORT,Y-L,09/27,6101,75,ASPH-E,MED,30,60,,,G
EKO,AIRPORT,Y-L,12/30,3015,60,ASPH-G,,12,,,,G
EKO,AIRPORT,Y-L,06/24,7454,150,ASPH-G,MED,78,105,170,,G
ELY,AIRPORT,Y-L,12/30,4825,60,ASPH-G,MED,15,,,,G
ELY,AIRPORT,Y-L,18/36,6017,150,ASPH-E,HIGH,70,85,130,,G
VGT,AIRPORT,Y-L,12L/30R,4199,75,ASPH-G,MED,30,,,,G
VGT,AIRPORT,Y-L,07/25,5005,75,ASPH-G,MED,30,,,,G
VGT,AIRPORT,Y-L,12R/30L,5000,75,ASPH-G,MED,30,,,,G
HND,AIRPORT,Y-L,17R/35L,6501,100,ASPH-E,MED,30,60,,,G
HND,AIRPORT,Y-L,17L/35R,5001,75,ASPH-E,MED,30,30,,,G
LAS,AIRPORT,Y-L,08L/26R,14515,150,CONC-G,HIGH,100,250,504,1014,G
LAS,AIRPORT,Y-L,01R/19L,9771,150,CONC-G,MED,120,250,550,1120,G
LAS,AIRPORT,Y-L,01L/19R,8988,150,CONC-G,HIGH,120,250,550,1120,G
LAS,AIRPORT,Y-L,08R/26L,10526,150,CONC-E,HIGH,120,250,633,1120,G
LOL,AIRPORT,Y,02/20,5529,75,ASPH-G,MED,30,,,,G
LOL,AIRPORT,Y,08/26,4931,75,ASPH-G,,17,,,,G
MEV,AIRPORT,Y-L,12/30,5299,75,ASPH-G,,50,75,,,G
MEV,AIRPORT,Y-L,16/34,7399,100,ASPH-E,HIGH,50,75,,,G
RNO,AIRPORT,Y-L,17L/35R,9000,150,CONC-G,HIGH,75,209,407,850,G
RNO,AIRPORT,Y-L,08/26,6102,150,CONC-G,MED,60,170,260,,G
RNO,AIRPORT,Y-L,17R/35L,11001,150,CONC-G,HIGH,75,185,350,850,G
EEN,AIRPORT,Y-L,14/32,4001,75,ASPH-E,MED,25,,,,G
ACY,AIRPORT,Y-L,13/31,10000,150,ASPH-G,HIGH,85,120,350,,G
ACY,AIRPORT,Y-L,04/22,6144,150,ASPH-CONC-G,HIGH,75,175,400,900,G
MMU,AIRPORT,Y-L,13/31,3997,150,ASPH-G,MED,30,,,,G
MMU,AIRPORT,Y-L,05/23,5998,150,ASPH-G,HIGH,30,80,,,G
WWD,AIRPORT,Y-L,01/19,5252,150,ASPH-G,HIGH,45,75,120,,G
WWD,AIRPORT,Y-L,10/28,5000,150,ASPH-G,MED,45,75,120,,G
ALM,AIRPORT,Y-L,04/22,9207,150,ASPH-G,MED,54,74,120,,G
AEG,AIRPORT,Y-L,04/22,7398,100,ASPH-G,MED,30,,,,G
AEG,AIRPORT,Y-L,17/35,5983,100,ASPH-G,MED,30,,,,G
ABQ,AIRPORT,Y-L,03/21,10000,150,CONC-G,HIGH,100,210,360,720,G
ABQ,AIRPORT,Y-L,08/26,13793,150,CONC-G,HIGH,100,210,360,720,G
ABQ,AIRPORT,Y-L,12/30,6000,150,CONC-G,MED,65,120,155,,G
BRG,AIRPORT,Y-L,03/21,6601,60,ASPH-E,MED,12,,,,G
CVN,AIRPORT,Y-L,04/22,7200,150,ASPH-G,MED,45,57,,,G
CVN,AIRPORT,Y-L,12/30,5697,100,ASPH-G,MED,42,50,,,G
DMN,AIRPORT,Y-L,08/26,8018,75,ASPH-G,MED,20,,,,G
DMN,AIRPORT,Y-L,04/22,5675,60,ASPH-G,MED,12,,,,G
FMN,AIRPORT,Y-L,07/25,6704,100,ASPH-G,MED,50,90,,,G
FMN,AIRPORT,Y-L,05/23,6501,150,ASPH-E,MED,47,66,,,G
LVS,AIRPORT,Y-L,14/32,8199,75,ASPH-G,MED,20,,,,G
LVS,AIRPORT,Y-L,02/20,5006,75,ASPH-G,MED,20,,,,G
ROW,AIRPORT,Y-L,17/35,9999,100,ASPH-G,MED,77,104,165,,G
ROW,AIRPORT,Y-L,03/21,13001,150,CONC-E,MED,100,200,400,,G
SAF,AIRPORT,Y-L,02/20,8366,150,ASPH-F,MED,116,164,269,,G
SAF,AIRPORT,Y-L,10/28,6301,75,ASPH-G,,12,,,,G
SAF,AIRPORT,Y-L,15/33,6316,100,ASPH-E,MED,28,43,,,G
SVC,AIRPORT,Y-L,08/26,6803,100,ASPH-G,MED,75,100,,,G
SKX,AIRPORT,Y-L,04/22,5504,75,ASPH-G,MED,24,,,,G
SKX,AIRPORT,Y-L,13/31,8600,100,CONC-G,MED,60,,,,G
ITH,AIRPORT,Y-L,14/32,6977,150,ASPH-G,HIGH,100,192,574,1044,G
PEO,AIRPORT,Y,01/19,5499,100,ASPH-G,MED,82,112,195,,G
PEO,AIRPORT,Y,10/28,3561,50,ASPH-G,LOW,12,,,,G
POU,AIRPORT,Y-L,06/24,5001,100,ASPH-E,HIGH,50,60,110,,G
POU,AIRPORT,Y-L,15/33,2743,100,ASPH-CONC-G,MED,35,45,80,,G
AVL,AIRPORT,Y-L,17/35,8002,150,ASPH-E,HIGH,120,219,404,837,G
GSO,AIRPORT,Y-L,14/32,6380,150,ASPH-F,HIGH,120,218,352,,G
GSO,AIRPORT,Y-L,05L/23R,9000,150,ASPH-F,HIGH,120,250,550,1120,G
GSO,AIRPORT,Y-L,05R/23L,10001,150,ASPH-G,HIGH,120,250,550,1051,G
MQI,AIRPORT,Y-L,17/35,3303,75,ASPH-G,MED,20,,,,G
MQI,AIRPORT,Y-L,05/23,4306,100,ASPH-E,MED,48,,,,G
EQY,AIRPORT,Y-L,05/23,7001,100,ASPH-E,HIGH,35,68,,,G
14A,AIRPORT,Y,14/32,3147,40,ASPH-G,MED,8,,,,G
SOP,AIRPORT,Y-L,05/23,6503,150,ASPH-G,HIGH,100,162,,,G
SVH,AIRPORT,Y-L,10/28,7003,100,ASPH-E,HIGH,30,100,,,G
BIS,AIRPORT,Y-L,03/21,6600,100,ASPH-G,HIGH,130,180,340,,G
BIS,AIRPORT,Y-L,13/31,8794,150,ASPH-CONC-G,HIGH,130,180,340,,G
DIK,AIRPORT,Y-L,07/25,4700,75,ASPH-G,MED,16,20,,,F
DIK,AIRPORT,Y-L,14/32,7301,150,CONC-E,HIGH,60,90,90,,G
FAR,AIRPORT,Y-L,18/36,9001,150,CONC-G,HIGH,100,200,400,,G
FAR,AIRPORT,Y-L,13/31,3801,75,CONC-G,MED,26,35,,,G
FAR,AIRPORT,Y-L,09/27,6302,100,CONC-G,MED,60,100,,,G
JMS,AIRPORT,Y-L,04/22,5750,75,ASPH-F,MED,85,103,162,,G
JMS,AIRPORT,Y-L,13/31,6502,100,ASPH-G,HIGH,130,160,250,,G
S25,AIRPORT,Y-L,12/30,6550,75,CONC-E,MED,78,98,186,,G
XWA,AIRPORT,Y-L,04/22,4502,75,CONC-E,MED,12,,,,G
XWA,AIRPORT,Y-L,14/32,7503,150,CONC-E,HIGH,120,195,339,,G
UNI,AIRPORT,Y-L,07/25,5600,100,ASPH-G,MED,56,82,,,F
LUK,AIRPORT,Y-L,03L/21R,3801,100,ASPH-F,MED,11,,,,F
LUK,AIRPORT,Y-L,03R/21L,6101,150,ASPH-E,HIGH,60,70,140,,G
LUK,AIRPORT,Y-L,07/25,5127,100,ASPH-F,MED,11,20,55,,F
TOL,AIRPORT,Y-L,16/34,5599,150,ASPH-G,MED,100,174,300,,G
TOL,AIRPORT,Y-L,07/25,10600,150,ASPH-G,HIGH,100,174,300,550,G
ADH,AIRPORT,Y-L,13/31,2717,50,ASPH-CONC-P,,50,171,280,,F
ADH,AIRPORT,Y-L,18/36,6203,100,ASPH-G,MED,50,140,224,,G
ADM,AIRPORT,Y,17/35,5404,100,ASPH-G,MED,36,,,,G
BVO,AIRPORT,Y-L,17/35,6850,100,CONC-G,MED,50,100,170,,G
6K4,AIRPORT,Y-L,17/35,4400,75,ASPH-CONC-G,MED,30,,,,G
OKC,AIRPORT,Y-L,13/31,7800,150,ASPH-CONC-F,MED,120,250,489,,G
OKC,AIRPORT,Y-L,17L/35R,9803,150,CONC-G,HIGH,120,250,550,,G
OKC,AIRPORT,Y-L,17R/35L,9801,150,CONC-G,HIGH,120,250,550,,G
OKC,AIRPORT,Y-L,18/36,3078,75,ASPH-G,,116,164,269,,G
RCE,AIRPORT,Y-L,17R/35L,6014,100,CONC-G,HIGH,40,60,,,G
RCE,AIRPORT,Y-L,17L/35R,3502,75,CONC-G,MED,17,,,,G
PNC,AIRPORT,Y-L,17/35,7201,100,CONC-G,HIGH,51,65,122,,G
TUL,AIRPORT,Y-L,08/26,7376,150,CONC-G,HIGH,75,200,350,,G
TUL,AIRPORT,Y-L,18L/36R,10000,150,CONC-E,HIGH,75,200,400,,G
TUL,AIRPORT,Y-L,18R/36L,6101,100,ASPH-G,HIGH,100,140,,,G
AST,AIRPORT,Y-L,08/26,5794,100,ASPH,MED,60,76,119,,G
AST,AIRPORT,Y-L,14/32,4467,100,ASPH-E,MED,60,76,119,,G
UAO,AIRPORT,Y-L,17/35,5003,100,ASPH-G,MED,30,45,,,G
BKE,AIRPORT,Y-L,08/26,3670,140,ASPH-F,,30,,,,F
BKE,AIRPORT,Y-L,13/31,5085,100,ASPH-G,MED,50,65,,,G
BKE,AIRPORT,Y-L,17/35,4359,75,ASPH-G,,30,,,,G
BDN,AIRPORT,Y-L,16/34,5201,75,ASPH-G,MED,30,,,,G
BNO,AIRPORT,Y-L,03/21,4600,60,CONC-G,MED,30,,,,G
BNO,AIRPORT,Y-L,12/30,5101,75,CONC-G,MED,30,50,90,,G
CVO,AIRPORT,Y-L,10/28,3100,75,ASPH-F,MED,51,65,100,,G
CVO,AIRPORT,Y-L,17/35,5900,150,ASPH-G,MED,35,73,100,,F
77S,AIRPORT,Y-L,16/34,3102,60,ASPH-F,MED,12,,,,G
EUG,AIRPORT,Y-L,16R/34L,8009,150,ASPH-G,HIGH,120,250,550,,G
EUG,AIRPORT,Y-L,16L/34R,6000,150,ASPH-G,HIGH,120,211,342,,G
4S2,AIRPORT,Y,07/25,3040,75,ASPH-E,MED,23,,,,G
GCD,AIRPORT,Y-L,17/35,5224,60,ASPH-G,MED,12,,,,F
GCD,AIRPORT,Y-L,09/27,4100,60,ASPH-G,MED,12,,,,G
LMT,AIRPORT,Y-L,07/25,5258,100,ASPH-G,MED,53,77,,,G
LMT,AIRPORT,Y-L,14/32,10302,150,ASPH-CONC-G,HIGH,107,175,315,,G
LGD,AIRPORT,Y-L,17/35,3400,75,ASPH-G,MED,45,60,100,,G
LGD,AIRPORT,Y-L,12/30,6261,100,ASPH-G,MED,65,90,130,,G
LKV,AIRPORT,Y-L,17/35,5318,100,ASPH-G,MED,74,86,,,G
MMV,AIRPORT,Y-L,17/35,4340,75,ASPH-E,,30,,,,P
MMV,AIRPORT,Y-L,04/22,5420,100,ASPH-E,HIGH,40,50,80,,G
S33,AIRPORT,Y-L,04/22,2701,50,ASPH-F,,16,,,,F
S33,AIRPORT,Y-L,16/34,5091,75,ASPH-G,MED,75,120,180,,G
MFR,AIRPORT,Y-L,14/32,8800,150,ASPH-G,HIGH,75,200,400,,G
ONP,AIRPORT,Y-L,02/20,3001,75,ASPH-G,MED,33,50,84,,G
ONP,AIRPORT,Y-L,16/34,5398,100,ASPH-G,HIGH,75,120,170,,G
OTH,AIRPORT,Y-L,05/23,5980,150,ASPH-G,HIGH,120,215,340,800,F
OTH,AIRPORT,Y-L,13/31,4470,150,ASPH-G,MED,120,190,305,735,G
ONO,AIRPORT,Y-L,15/33,5006,100,ASPH-F,MED,30,60,,,G
PDT,AIRPORT,Y-L,08/26,6301,150,ASPH-F,HIGH,115,132,210,,G
PDT,AIRPORT,Y-L,11/29,4809,100,ASPH-G,MED,70,120,122,,G
HIO,AIRPORT,Y-L,13R/31L,6600,150,ASPH-G,HIGH,50,70,110,,G
HIO,AIRPORT,Y-L,02/20,3820,75,ASPH-G,MED,54,74,139,,F
HIO,AIRPORT,Y-L,13L/31R,3600,60,ASPH-E,MED,28,,,,G
PDX,AIRPORT,Y-L,10R/28L,11000,150,CONC-G,HIGH,200,200,360,,G
PDX,AIRPORT,Y-L,03/21,6000,150,ASPH-E,MED,120,250,380,,G
PDX,AIRPORT,Y-L,10L/28R,9825,150,ASPH-E,HIGH,200,200,400,,G
S39,AIRPORT,Y-L,15/33,4053,40,ASPH-P,LOW,5,,,,G
S39,AIRPORT,Y-L,11/29,5405,75,ASPH-G,MED,30,,,,G
RDM,AIRPORT,Y,05/23,7038,150,ASPH-G,HIGH,120,216,399,,G
RDM,AIRPORT,Y,11/29,7006,100,ASPH-G,MED,109,178,,,G
RBG,AIRPORT,Y,16/34,5003,100,ASPH-G,MED,42,54,88,,F
SLE,AIRPORT,Y-L,16/34,5146,100,ASPH-G,MED,39,52,,,G
SLE,AIRPORT,Y-L,13/31,5811,150,ASPH-G,HIGH,105,147,,,G
SPB,AIRPORT,Y-L,15/33,5100,100,ASPH-F,MED,30,50,90,,F
S21,AIRPORT,Y-L,18/36,5460,75,ASPH-F,MED,30,,,,G
DLS,AIRPORT,Y-L,13/31,5097,100,ASPH-G,MED,30,30,,,G
DLS,AIRPORT,Y-L,07/25,4647,100,ASPH-G,MED,30,30,,,F
TMK,AIRPORT,Y-L,01/19,2911,75,ASPH-G,MED,40,46,67,,G
TMK,AIRPORT,Y-L,13/31,5001,75,ASPH-G,MED,60,75,125,,G
CXY,AIRPORT,Y-L,08/26,5000,150,ASPH-G,HIGH,65,105,185,,G
CXY,AIRPORT,Y-L,12/30,3778,100,ASPH-G,MED,40,65,115,,G
PHL,AIRPORT,Y-L,09L/27R,9500,150,ASPH-G,HIGH,100,210,350,,G
PHL,AIRPORT,Y-L,09R/27L,12000,200,ASPH-G,HIGH,200,210,350,,G
PHL,AIRPORT,Y-L,17/35,6500,150,ASPH-G,HIGH,100,170,300,,G
PNE,AIRPORT,Y-L,15/33,5000,150,ASPH-G,MED,40,55,,,G
PNE,AIRPORT,Y-L,06/24,7000,100,ASPH-G,HIGH,120,250,550,,G
AGC,AIRPORT,Y-L,13/31,3825,100,CONC-G,HIGH,20,22,,,G
AGC,AIRPORT,Y-L,10/28,6501,150,CONC-G,HIGH,90,120,210,,G
UNV,AIRPORT,Y-L,06/24,6701,150,ASPH-G,HIGH,50,110,,,G
AIK,AIRPORT,Y,07/25,5500,100,ASPH-G,MED,55,75,140,,G
AIK,AIRPORT,Y,01/19,3800,75,ASPH-F,,54,75,139,,G
JZI,AIRPORT,Y-L,04/22,4313,150,CONC-G,MED,45,56,,,G
JZI,AIRPORT,Y-L,09/27,5350,100,CONC-E,HIGH,60,100,,,G
CUB,AIRPORT,Y-L,13/31,5011,75,ASPH-F,MED,44,66,,,G
GMU,AIRPORT,Y-L,H2,50,50,CONC-G,PERI,20,,,,
GMU,AIRPORT,Y-L,H1,50,50,CONC-G,PERI,20,,,,
GMU,AIRPORT,Y-L,10/28,4000,80,ASPH-G,MED,43,62,,,G
GMU,AIRPORT,Y-L,01/19,5393,100,ASPH-E,HIGH,61,81,151,,G
GYH,AIRPORT,Y-L,05/23,8000,150,CONC-G,HIGH,94,121,199,,G
HXD,AIRPORT,Y-L,03/21,5000,100,ASPH-G,MED,55,75,,,G
ABR,AIRPORT,Y-L,17/35,5500,100,ASPH-E,MED,63,82,139,,G
ABR,AIRPORT,Y-L,13/31,6901,100,CONC-G,HIGH,120,195,339,,G
HON,AIRPORT,Y-L,18/36,5000,75,CONC-G,MED,40,55,,,G
HON,AIRPORT,Y-L,12/30,7201,100,CONC-G,HIGH,75,150,280,395,G
PIR,AIRPORT,Y-L,13/31,6900,100,ASPH-G,HIGH,91,108,168,,G
PIR,AIRPORT,Y-L,07/25,6880,150,ASPH-G,HIGH,91,114,180,,G
RAP,AIRPORT,Y-L,14/32,8701,150,CONC-G,HIGH,140,190,300,,G
RAP,AIRPORT,Y-L,05/23,3601,75,ASPH-G,MED,12,,,,F
FSD,AIRPORT,Y-L,15/33,8000,150,CONC-G,HIGH,100,180,400,,G
FSD,AIRPORT,Y-L,03/21,9000,150,CONC-G,HIGH,200,200,444,,G
FSD,AIRPORT,Y-L,09/27,3151,75,CONC-F,MED,30,,,,G
SPF,AIRPORT,Y-L,13/31,6401,75,ASPH-G,MED,33,45,,,G
YKN,AIRPORT,Y-L,02/20,3380,60,ASPH-E,MED,12,,,,G
YKN,AIRPORT,Y-L,13/31,6094,100,CONC-E,HIGH,30,50,90,,G
TRI,AIRPORT,Y-L,09/27,4442,150,ASPH-F,MED,21,,,,G
TRI,AIRPORT,Y-L,05/23,8000,150,ASPH-G,HIGH,112,185,336,,G
CHA,AIRPORT,Y-L,02/20,7400,150,ASPH-G,HIGH,120,164,265,,G
CHA,AIRPORT,Y-L,15/33,5575,150,ASPH-G,MED,120,164,265,,G
RZR,AIRPORT,Y-L,03/21,6200,100,CONC-G,MED,20,50,65,115,G
M29,AIRPORT,Y,03/21,4200,75,ASPH-G,,30,,,,G
M02,AIRPORT,Y-L,17/35,5001,75,ASPH-G,MED,16,26,,,G
HZD,AIRPORT,Y-L,01/19,5507,100,ASPH-G,MED,48,66,,,G
MKL,AIRPORT,Y-L,11/29,3539,100,ASPH-F,MED,27,,,,F
MKL,AIRPORT,Y-L,02/20,6005,150,ASPH-F,HIGH,55,80,125,,F
DKX,AIRPORT,Y-L,08/26,3499,75,ASPH-G,MED,22,,,,G
TYS,AIRPORT,Y-L,05L/23R,10000,150,CONC-G,HIGH,120,239,439,961,G
TYS,AIRPORT,Y-L,05R/23L,9000,150,ASPH-G,HIGH,75,200,270,,G
M54,AIRPORT,Y-L,01/19,5000,100,ASPH-G,MED,24,37,,,G
MNV,AIRPORT,Y-L,05/23,3643,75,ASPH-G,MED,22,35,,,G
BNA,AIRPORT,Y-L,02C/20C,8001,150,CONC-G,HIGH,75,209,350,,G
BNA,AIRPORT,Y-L,02L/20R,7704,150,CONC-G,HIGH,100,200,390,850,G
BNA,AIRPORT,Y-L,02R/20L,8001,150,CONC-G,HIGH,75,209,350,,G
BNA,AIRPORT,Y-L,13/31,11030,150,CONC-G,HIGH,75,175,250,875,G
JWN,AIRPORT,Y-L,02/20,6001,100,ASPH-G,MED,35,97,,,G
PHT,AIRPORT,Y-L,02/20,5001,100,ASPH-G,MED,17,,,,G
ABI,AIRPORT,Y-L,17R/35L,7208,150,ASPH-G,HIGH,85,160,160,,G
ABI,AIRPORT,Y-L,17L/35R,7198,150,ASPH-G,HIGH,85,160,160,,G
AMA,AIRPORT,Y-L,04/22,13502,200,CONC-G,HIGH,100,200,400,,G
AMA,AIRPORT,Y-L,13/31,7901,150,CONC-G,HIGH,100,200,400,,G
AUS,AIRPORT,Y-L,18R/36L,12250,150,CONC-G,HIGH,75,210,618,913,G
AUS,AIRPORT,Y-L,18L/36R,9000,150,CONC-G,HIGH,75,210,618,913,G
BMT,AIRPORT,Y-L,13/31,4001,75,ASPH-E,MED,17,,,,G
BEA,AIRPORT,Y-L,12/30,4553,75,ASPH-G,MED,25,,,,P
BPG,AIRPORT,Y-L,17/35,8802,100,CONC-G,MED,60,150,200,,G
XBP,AIRPORT,Y-L,18/36,5005,75,ASPH-G,MED,30,,,,F
CDS,AIRPORT,Y-L,18/36,5949,75,ASPH-G,MED,21,,,,F
CDS,AIRPORT,Y-L,04/22,4425,60,ASPH-P,,21,,,,P
CLL,AIRPORT,Y-L,11/29,5158,150,ASPH-E,MED,37,49,,,G
CLL,AIRPORT,Y-L,17/35,7000,146,ASPH-CONC-E,HIGH,78,94,156,,G
CRP,AIRPORT,Y-L,13/31,7510,150,ASPH-G,HIGH,150,170,245,,G
CRP,AIRPORT,Y-L,18/36,6080,150,ASPH-G,HIGH,150,170,245,,G
ADS,AIRPORT,Y-L,16/34,7203,100,ASPH-G,HIGH,60,120,,,G
DAL,AIRPORT,Y-L,13L/31R,7752,150,CONC-G,HIGH,100,200,350,,G
DAL,AIRPORT,Y-L,13R/31L,8800,150,CONC-G,HIGH,120,250,388,875,G
LUD,AIRPORT,Y-L,17/35,4200,60,ASPH-G,MED,12,17,,,F
DTO,AIRPORT,Y-L,18R/36L,5003,75,ASPH-E,MED,30,,,,G
DTO,AIRPORT,Y-L,18L/36R,7002,150,ASPH-F,MED,70,100,,,G
ELP,AIRPORT,Y-L,08L/26R,5499,75,CONC-G,MED,60,180,,,G
ELP,AIRPORT,Y-L,04/22,12020,150,ASPH-CONC-F,HIGH,100,180,350,,G
ELP,AIRPORT,Y-L,08R/26L,9025,150,ASPH-CONC-F,HIGH,100,180,350,,G
BKS,AIRPORT,Y-L,14/32,3018,60,ASPH-E,,4,,,,G
BKS,AIRPORT,Y-L,17/35,6006,75,ASPH-G,MED,52,80,,,G
FTW,AIRPORT,Y-L,17/35,4005,75,ASPH-E,MED,12,50,,,G
FTW,AIRPORT,Y-L,16/34,7502,150,CONC-G,HIGH,80,100,190,350,G
T82,AIRPORT,Y-L,14/32,5001,75,ASPH-G,MED,30,,,,G
GTU,AIRPORT,Y-L,18/36,5004,100,ASPH-G,MED,30,60,,,G
GTU,AIRPORT,Y-L,11/29,4099,75,ASPH-F,MED,12,,,,G
GVT,AIRPORT,Y-L,17/35,8030,150,ASPH-G,MED,26,,,,G
EFD,AIRPORT,Y-L,17R/35L,9001,150,CONC-G,HIGH,100,190,590,800,G
EFD,AIRPORT,Y-L,17L/35R,4609,75,CONC-F,,24,63,145,300,G
EFD,AIRPORT,Y-L,04/22,8001,150,CONC-G,HIGH,100,164,300,668,G
IAH,AIRPORT,Y-L,15L/33R,12001,150,CONC-G,HIGH,100,200,400,800,G
IAH,AIRPORT,Y-L,08L/26R,9000,150,CONC-E,HIGH,75,210,409,873,G
IAH,AIRPORT,Y-L,08R/26L,9402,150,CONC-G,HIGH,75,210,498,873,G
IAH,AIRPORT,Y-L,15R/33L,10000,150,CONC-G,HIGH,75,200,400,873,G
HOU,AIRPORT,Y,13R/31L,7602,150,ASPH-G,HIGH,75,195,220,,G
HOU,AIRPORT,Y,13L/31R,5148,100,CONC-F,MED,30,45,80,,G
HOU,AIRPORT,Y,04/22,7602,150,CONC-G,HIGH,75,200,400,,G
CXO,AIRPORT,Y-L,01/19,5000,100,CONC-G,MED,30,75,,,G
CXO,AIRPORT,Y-L,14/32,7501,150,CONC-G,HIGH,60,100,,,G
AQO,AIRPORT,Y-L,17/35,4202,75,ASPH-G,MED,20,,,,G
GGG,AIRPORT,Y-L,13/31,10000,150,ASPH-G,HIGH,95,155,288,,G
GGG,AIRPORT,Y-L,18/36,6110,150,ASPH-G,MED,95,155,280,,G
LBB,AIRPORT,Y-L,08/26,8003,150,CONC-G,HIGH,100,170,350,,G
LBB,AIRPORT,Y-L,17R/35L,11500,150,CONC-G,HIGH,100,170,350,,G
LBB,AIRPORT,Y-L,17L/35R,2891,74,ASPH-F,,12,,,,G
T31,AIRPORT,Y,17/35,4352,60,ASPH-TURF-G,MED,6,,,,G
MRF,AIRPORT,Y-L,04/22,5309,75,ASPH-G,,18,,,,G
MRF,AIRPORT,Y-L,13/31,6203,75,ASPH-G,MED,18,,,,G
MAF,AIRPORT,Y-L,04/22,4605,75,ASPH-G,MED,30,60,,,G
MAF,AIRPORT,Y-L,10/28,8302,150,ASPH-G,HIGH,160,200,350,700,G
MAF,AIRPORT,Y-L,16L/34R,4247,100,ASPH-G,MED,30,60,,,G
MAF,AIRPORT,Y-L,16R/34L,9501,150,ASPH-G,HIGH,160,200,350,700,G
MWL,AIRPORT,Y-L,17/35,4188,100,ASPH-G,MED,50,145,,,F
MWL,AIRPORT,Y-L,13/31,5996,100,ASPH-G,MED,50,145,,,F
ODO,AIRPORT,Y-L,02/20,5703,75,ASPH-G,MED,14,,,,G
ODO,AIRPORT,Y-L,11/29,6200,100,ASPH-G,MED,30,,,,G
ODO,AIRPORT,Y-L,16/34,5003,75,ASPH-E,MED,14,,,,G
SJT,AIRPORT,Y-L,03/21,5940,150,ASPH-G,HIGH,70,100,,,G
SJT,AIRPORT,Y-L,18/36,8054,150,ASPH-G,MED,70,100,,,G
SJT,AIRPORT,Y-L,09/27,4406,75,ASPH-F,MED,70,100,,,G
SSF,AIRPORT,Y-L,09/27,5000,100,ASPH-G,MED,30,75,,,G
SSF,AIRPORT,Y-L,14/32,4128,100,ASPH-G,MED,12,20,,,G
SAT,AIRPORT,Y-L,04/22,8505,150,CONC-G,HIGH,95,190,270,,G
SAT,AIRPORT,Y-L,13R/31L,8502,150,CONC-G,HIGH,95,190,270,,G
SAT,AIRPORT,Y-L,13L/31R,5519,100,ASPH-F,MED,59,120,,,G
GNC,AIRPORT,Y-L,08/26,5381,75,ASPH-F,MED,12,,,,P
GNC,AIRPORT,Y-L,17/35,5002,75,ASPH-G,MED,12,,,,F
SWI,AIRPORT,Y-L,16/34,4000,75,ASPH-F,MED,19,,,,G
TRL,AIRPORT,Y-L,18/36,5006,75,ASPH-G,MED,30,,,,G
UVA,AIRPORT,Y-L,15/33,5256,100,ASPH-G,MED,30,40,40,,G
F05,AIRPORT,Y-L,02/20,5099,100,ASPH-E,MED,30,40,60,,G
F05,AIRPORT,Y-L,16/34,4304,80,ASPH-F,MED,10,,,,G
VCT,AIRPORT,Y-L,18/36,4908,75,ASPH-G,MED,28,49,87,,F
VCT,AIRPORT,Y-L,13/31,9111,150,ASPH-G,HIGH,28,49,87,,G
ACT,AIRPORT,,01/19,7107,150,ASPH-G,HIGH,50,82,,,G
ACT,AIRPORT,,14/32,5103,150,ASPH-G,MED,50,82,,,F
BTF,AIRPORT,Y,17/35,4634,70,ASPH-E,LOW,12,,,,G
CDC,AIRPORT,Y-L,02/20,8653,150,ASPH-G,HIGH,56,76,127,142,G
CDC,AIRPORT,Y-L,08/26,4822,60,ASPH-F,MED,16,,,,G
OGD,AIRPORT,Y-L,03/21,8107,150,ASPH-E,HIGH,85,150,,,G
OGD,AIRPORT,Y-L,17/35,5195,100,ASPH-G,MED,80,140,,,G
PUC,AIRPORT,Y,08/26,3151,75,ASPH-G,,12,,,,G
PUC,AIRPORT,Y,01/19,8316,100,ASPH-G,HIGH,30,40,,,G
PUC,AIRPORT,Y,15/33,4513,75,ASPH-F,MED,13,,,,F
PVU,AIRPORT,,18/36,6628,150,ASPH-G,MED,50,70,110,,G
PVU,AIRPORT,,13/31,8603,150,ASPH-G,HIGH,65,85,140,,G
RIF,AIRPORT,Y-L,01/19,7100,100,ASPH-F,MED,45,75,,,F
SGU,AIRPORT,Y-L,01/19,9300,150,ASPH-G,HIGH,75,150,,,G
U42,AIRPORT,Y-L,16/34,5862,100,ASPH-G,MED,30,43,,,G
SLC,AIRPORT,Y-L,14/32,4893,150,ASPH-G,HIGH,60,200,350,850,G
SLC,AIRPORT,Y-L,16L/34R,12002,150,ASPH-G,HIGH,60,200,350,850,G
SLC,AIRPORT,Y-L,16R/34L,12000,150,CONC-G,HIGH,60,200,350,850,G
SLC,AIRPORT,Y-L,17/35,9596,150,ASPH-G,HIGH,60,200,350,850,G
VEL,AIRPORT,Y-L,17/35,7000,100,ASPH-E,MED,45,55,,,G
ENV,AIRPORT,Y,08/26,10002,150,ASPH-G,MED,75,140,208,,G
ENV,AIRPORT,Y,12/30,8002,100,ASPH-F,MED,75,140,180,,G
RMN,AIRPORT,Y-L,15/33,5000,100,ASPH-G,HIGH,30,70,,,G
HSP,AIRPORT,Y-L,07/25,5600,100,ASPH-F,HIGH,65,160,,,G
JYO,AIRPORT,Y,17/35,5500,100,ASPH-G,HIGH,30,70,,,G
JFZ,AIRPORT,Y-L,07/25,4299,75,ASPH-G,MED,12,18,,,F
RIC,AIRPORT,Y-L,16/34,9003,150,ASPH-G,HIGH,125,200,340,,G
RIC,AIRPORT,Y-L,02/20,6607,150,ASPH-E,HIGH,125,200,340,,G
ROA,AIRPORT,Y-L,16/34,5810,150,ASPH-G,HIGH,150,200,310,,G
ROA,AIRPORT,Y-L,06/24,6800,150,ASPH-G,HIGH,150,200,310,,G
74S,AIRPORT,Y,18/36,3018,60,ASPH-G,MED,12,,,,G
AWO,AIRPORT,Y-L,16/34,5332,100,ASPH-G,MED,114,150,270,,G
AWO,AIRPORT,Y-L,11/29,3498,75,ASPH-E,,32,34,59,,G
BLI,AIRPORT,Y-L,16/34,6700,150,ASPH-G,HIGH,75,160,250,,G
S97,AIRPORT,Y-L,07/25,4000,60,ASPH-G,MED,15,,,,G
BVS,AIRPORT,Y-L,11/29,5480,100,ASPH-E,MED,60,75,125,,G
BVS,AIRPORT,Y-L,04/22,3000,60,ASPH-P,LOW,12,,,,P
DEW,AIRPORT,Y-L,16/34,6101,75,ASPH-G,MED,30,50,,,F
DEW,AIRPORT,Y-L,05/23,3200,60,ASPH-G,,12,,,,F
PAE,AIRPORT,Y-L,16L/34R,3004,75,ASPH-G,MED,12,,,,G
PAE,AIRPORT,Y-L,16R/34L,9010,150,ASPH-CONC-G,HIGH,100,200,350,830,G
FHR,AIRPORT,Y-L,16/34,3402,75,ASPH-G,MED,12,,,,G
MWH,AIRPORT,Y-L,18/36,3327,75,ASPH-G,MED,75,170,300,400,G
MWH,AIRPORT,Y-L,14R/32L,2936,75,CONC-G,,100,200,400,400,G
MWH,AIRPORT,Y-L,04/22,10000,100,CONC-G,MED,75,100,175,475,G
MWH,AIRPORT,Y-L,09/27,3500,90,CONC-G,NSTD,100,150,270,475,
MWH,AIRPORT,Y-L,14L/32R,13503,200,CONC-G,HIGH,85,155,320,600,G
OLM,AIRPORT,Y-L,08/26,4157,150,ASPH-G,,30,,,,G
OLM,AIRPORT,Y-L,17/35,5500,150,ASPH-G,HIGH,75,94,142,,P
PSC,AIRPORT,Y-L,03R/21L,4423,75,ASPH-F,,52,85,108,150,G
PSC,AIRPORT,Y-L,12/30,7704,150,ASPH-G,MED,150,200,400,,G
PSC,AIRPORT,Y-L,03L/21R,7707,150,ASPH-G,HIGH,150,200,400,,G
CLM,AIRPORT,Y-L,13/31,3255,50,ASPH-F,,30,,,,G
CLM,AIRPORT,Y-L,08/26,6347,150,ASPH-G,MED,55,66,115,,F
PUW,AIRPORT,Y-L,05/23,7100,150,ASPH-G,HIGH,120,239,385,,G
RNT,AIRPORT,Y-L,16/34,5382,200,ASPH-CONC-G,MED,100,130,340,,G
BFI,AIRPORT,Y-L,14L/32R,3709,100,ASPH-F,MED,120,250,550,1109,G
BFI,AIRPORT,Y-L,14R/32L,10007,200,ASPH-G,HIGH,100,200,500,800,G
GEG,AIRPORT,Y-L,08/26,8199,150,ASPH-G,MED,150,180,280,,G
GEG,AIRPORT,Y-L,03/21,11002,150,ASPH-CONC-E,HIGH,200,200,400,,G
SFF,AIRPORT,Y-L,04L/22R,4499,140,CONC-G,MED,30,,,,G
SFF,AIRPORT,Y-L,04R/22L,2650,75,ASPH-F,,30,,,,G
TIW,AIRPORT,Y-L,17/35,5002,100,ASPH-G,MED,50,80,80,150,G
ALW,AIRPORT,Y-L,02/20,6527,150,CONC-G,HIGH,60,80,130,,G
EAT,AIRPORT,Y-L,12/30,7000,150,ASPH-G,HIGH,116,192,,,G
S52,AIRPORT,Y,13/31,5049,75,ASPH-E,MED,30,,,,G
YKM,AIRPORT,Y-L,09/27,7604,150,ASPH-E,HIGH,95,160,220,550,G
YKM,AIRPORT,Y-L,04/22,3835,150,ASPH-P,MED,70,80,120,,G
MRB,AIRPORT,Y-L,08/26,8815,150,ASPH-CONC-G,HIGH,120,195,339,830,G
I18,AIRPORT,Y-L,04/22,4000,75,ASPH-E,MED,12,,,,G
ATW,AIRPORT,Y-L,03/21,8003,150,CONC-G,HIGH,75,160,320,,G
ATW,AIRPORT,Y-L,12/30,6502,150,CONC-G,HIGH,75,160,320,,G
GRB,AIRPORT,Y-L,06/24,7700,150,CONC-G,HIGH,90,160,260,,G
GRB,AIRPORT,Y-L,18/36,8700,150,CONC-G,HIGH,95,165,275,,G
ENW,AIRPORT,Y,15/33,4440,100,CONC-G,HIGH,62,73,135,,G
ENW,AIRPORT,Y,07R/25L,3302,75,ASPH-CONC-F,MED,40,48,,,G
ENW,AIRPORT,Y,07L/25R,6600,100,CONC-E,HIGH,62,73,135,,G
LSE,AIRPORT,Y-L,04/22,5199,150,ASPH-F,HIGH,65,110,190,,F
LSE,AIRPORT,Y-L,13/31,6050,150,ASPH-G,MED,125,190,430,,G
LSE,AIRPORT,Y-L,18/36,8742,150,CONC-G,HIGH,125,190,430,850,G
MWC,AIRPORT,Y,15L/33R,4103,75,ASPH-E,MED,30,,,,G
MWC,AIRPORT,Y,04L/22R,3201,75,ASPH-E,MED,30,,,,G
C35,AIRPORT,Y-L,07/25,2510,50,ASPH-G,MED,30,,,,G
C35,AIRPORT,Y-L,18/36,4840,75,ASPH-F,MED,30,,,,G
SUE,AIRPORT,Y-L,02/20,4599,75,ASPH-F,MED,16,22,,,F
SUE,AIRPORT,Y-L,10/28,3199,75,ASPH-E,MED,16,22,,,G
Y51,AIRPORT,Y-L,11/29,4000,60,ASPH-E,MED,12,,,,G
46U,AIRPORT,Y,13/31,5827,70,ASPH-G,MED,50,,,,G
CPR,AIRPORT,Y-L,03/21,10165,150,ASPH-G,HIGH,130,170,270,,G
CPR,AIRPORT,Y-L,08/26,8679,150,ASPH-F,HIGH,85,140,260,,G
CYS,AIRPORT,Y-L,09/27,9270,150,CONC-F,HIGH,75,140,150,250,G
CYS,AIRPORT,Y-L,13/31,6690,150,ASPH-G,MED,75,120,150,200,G
COD,AIRPORT,Y-L,04/22,8268,100,ASPH-G,HIGH,95,124,193,,G
EVW,AIRPORT,Y-L,05/23,7300,100,ASPH-G,HIGH,30,70,,,G
GCC,AIRPORT,Y-L,16/34,7501,150,CONC-G,HIGH,70,110,160,,G
GCC,AIRPORT,Y-L,03/21,5804,75,CONC-G,MED,40,60,,,G
GEY,AIRPORT,Y-L,08/26,3953,75,ASPH-G,,12,,,,G
GEY,AIRPORT,Y-L,16/34,7003,150,ASPH-G,MED,85,150,290,,G
JAC,AIRPORT,Y-L,01/19,6300,150,ASPH-E,HIGH,120,187,287,,G
LND,AIRPORT,Y-L,04/22,5000,75,ASPH-E,MED,30,,,,G
LAR,AIRPORT,Y-L,12/30,6300,100,ASPH-G,MED,86,105,160,,G
LAR,AIRPORT,Y-L,03/21,8502,150,ASPH-G,MED,86,105,160,,G
RKS,AIRPORT,Y-L,03/21,5228,75,ASPH-G,MED,59,88,159,,G
RKS,AIRPORT,Y-L,09/27,10000,150,ASPH-G,HIGH,55,240,503,,G
SAA,AIRPORT,Y-L,05/23,8801,100,ASPH-G,MED,50,,,,G
SHR,AIRPORT,Y-L,15/33,8301,100,ASPH-E,HIGH,60,75,,,G
SHR,AIRPORT,Y-L,06/24,5039,75,ASPH-G,MED,36,50,,,G
ADK,AIRPORT,Y,05/23,7790,200,ASPH-G,HIGH,80,145,325,770,G
7AK,AIRPORT,Y-L,09/27,4500,75,ASPH,MED,120,250,,,F
ANC,AIRPORT,Y-L,07R/25L,12400,200,ASPH-CONC-G,HIGH,75,175,400,1300,G
ANC,AIRPORT,Y-L,07L/25R,10600,150,ASPH-G,HIGH,75,175,400,900,G
ANC,AIRPORT,Y-L,15/33,10865,200,ASPH-G,HIGH,75,175,400,900,G
MRI,AIRPORT,Y-L,07/25,4000,100,ASPH-G,MED,50,80,,,G
MRI,AIRPORT,Y-L,16/34,2640,75,ASPH-F,MED,20,,,,F
BRW,AIRPORT,Y-L,08/26,7100,150,ASPH-F,HIGH,75,160,300,,G
BET,AIRPORT,Y-L,01L/19R,6400,150,ASPH-F,HIGH,105,147,244,,F
CDB,AIRPORT,Y,08/26,4900,150,ASPH-G,HIGH,99,131,345,,G
CDB,AIRPORT,Y,15/33,10179,150,ASPH-G,HIGH,99,200,345,875,G
CDV,AIRPORT,Y-L,09/27,7500,150,ASPH-G,HIGH,90,153,280,,G
DLG,AIRPORT,Y,01/19,6400,150,ASPH-G,HIGH,116,186,300,726,G
FAI,AIRPORT,Y-L,02L/20R,11800,150,ASPH-G,HIGH,75,220,580,1100,G
GAL,AIRPORT,Y,08/26,6000,100,ASPH-F,MED,110,144,240,,F
GST,AIRPORT,Y,11/29,6720,150,ASPH-G,MED,60,100,,,G
GST,AIRPORT,Y,02/20,3010,60,ASPH-G,,40,,,,G
HOM,AIRPORT,Y-L,04/22,6701,150,ASPH-P,HIGH,62,70,189,,P
JNU,AIRPORT,Y-L,08/26,8857,150,ASPH-G,HIGH,120,250,550,,F
ENA,AIRPORT,Y-L,02L/20R,7855,150,ASPH-G,HIGH,75,150,250,,F
KTN,AIRPORT,Y-L,11/29,7500,150,ASPH-G,HIGH,75,200,300,,G
ADQ,AIRPORT,Y-L,01/19,5010,150,ASPH-G,HIGH,53,110,150,,G
ADQ,AIRPORT,Y-L,08/26,7534,150,ASPH-G,HIGH,53,110,150,,G
ADQ,AIRPORT,Y-L,11/29,5400,150,ASPH-G,HIGH,53,110,150,,F
MCG,AIRPORT,Y-L,16/34,5936,100,ASPH-G,MED,32,80,120,,G
ENN,AIRPORT,Y-L,04L/22R,4600,100,ASPH-G,MED,160,,,,G
OME,AIRPORT,Y,10/28,6009,150,ASPH-G,HIGH,150,150,320,,G
PAQ,AIRPORT,Y,16/34,6006,100,ASPH-G,MED,180,,,,F
PSG,AIRPORT,Y-L,05/23,6400,150,ASPH-G,HIGH,75,160,,,F
SDP,AIRPORT,Y-L,14/32,5213,150,ASPH-G,MED,120,250,,,G
SIT,AIRPORT,Y-L,11/29,7200,150,ASPH-G,HIGH,100,160,300,,F
SXQ,AIRPORT,Y-L,07/25,5001,130,ASPH-F,MED,12,,,,G
DUT,AIRPORT,Y-L,13/31,4500,100,ASPH-F,MED,60,,210,,G
VDZ,AIRPORT,Y-L,06/24,6500,150,ASPH-G,HIGH,75,200,300,,F
WRG,AIRPORT,Y-L,10/28,6000,150,ASPH-G,HIGH,75,175,175,,G
YAK,AIRPORT,Y-L,11/29,7732,150,ASPH-G,HIGH,38,107,200,,F
YAK,AIRPORT,Y-L,02/20,6475,150,CONC-G,HIGH,38,107,200,,G
ITO,AIRPORT,Y-L,08/26,9800,150,ASPH-G,HIGH,75,250,350,850,G
ITO,AIRPORT,Y-L,03/21,5600,150,ASPH-F,MED,75,80,140,410,F
HNL,AIRPORT,Y-L,04L/22R,6955,150,ASPH-F,HIGH,100,200,400,850,G
HNL,AIRPORT,Y-L,04R/22L,9002,150,ASPH-E,HIGH,100,200,400,850,F
HNL,AIRPORT,Y-L,08L/26R,12312,150,ASPH-F,HIGH,100,200,400,780,F
HNL,AIRPORT,Y-L,08R/26L,12000,200,ASPH-E,HIGH,80,170,400,780,G
OGG,AIRPORT,Y,05/23,4980,150,ASPH-G,MED,130,170,270,,G
OGG,AIRPORT,Y,02/20,6998,150,ASPH-G,HIGH,130,170,360,750,G
