Loc Id,Facility Type,Runway Id,Length,Width,Surface Type Condition,WBC Single,WBC Dual,WBC Two Dual,WBC Tandem Two Dual,Schedule
ADK,AIRPORT,07/25,1104,60,TURF-G,0.0,0.0,0.0,0.0,ALL/ALL/ALL
7AK,AIRPORT,H1,50,50,CONC,0.0,0.0,0.0,0.0,ALL/MON - FRI/0630-0000
6A8,AIRPORT,18/36,5264,100,ASPH-E,45.0,75.0,0.0,0.0,ALL/MON-FRI/0700-1700
BIG,AIRPORT,H1,30,30,ASPH,0.0,0.0,0.0,0.0,ALL/SAT-SUN/0800-1700
AK15,AIRPORT,H1,90,50,CONC,0.0,0.0,0.0,0.0,UNATNDD
BET,AIRPORT,H1,40,40,CONC-G,0.0,0.0,0.0,0.0,ALL/MON-FRI/0800-1700
BGQ,AIRPORT,H1,40,40,CONC,0.0,0.0,0.0,0.0,UNATNDD
9A3,AIRPORT,H2,50,50,ASPH,0.0,0.0,0.0,0.0,ATTENDED DURG SKED TRNG
CDB,AIRPORT,H5,1000,60,ASPH,0.0,0.0,0.0,0.0,UNATTND
DLG,AIRPORT,H3,1600,75,ASPH,0.0,0.0,0.0,0.0,ALL/ALL/ALL
GAL,AIRPORT,H1,500,100,ASPH,0.0,0.0,0.0,0.0,ALL/ALL/ALL
EDF,AIRPORT,H3,1600,50,ASPH,0.0,0.0,0.0,0.0,UNATNDD
FAI,AIRPORT,H3,2000,50,ASPH,0.0,0.0,0.0,0.0,ALL/ALL/ALL
FYU,AIRPORT,H5,50,50,ASPH,0.0,0.0,0.0,0.0,UNATNDD
GKN,AIRPORT,H1,20,20,CONC,0.0,0.0,0.0,0.0,ALL/ALL/ALL
GST,AIRPORT,18/36,5495,100,ASPH-G,15.0,0.0,0.0,0.0,ALL/ALL/0800-1700
HNS,AIRPORT,11/29,3400,75,TURF,0.0,0.0,0.0,0.0,ALL/ALL/ALL
HOM,AIRPORT,18L/36R,10001,150,ASPH-F,120.0,250.0,550.0,0.0,UNATNDD
HPB,AIRPORT,18/36,6500,100,ASPH-F,60.0,75.0,140.0,0.0,ALL/ALL/ALL
HLA,AIRPORT,18/36,1800,60,TURF,0.0,0.0,0.0,0.0,ALL/ALL/0700-1700
JNU,AIRPORT,14/32,9618,150,ASPH-CONC-G,75.0,185.0,325.0,0.0,ALL/ALL/0800-1700
ENA,AIRPORT,09/27,3500,50,TURF,0.0,0.0,0.0,0.0,ALL/MON-SAT/0800-1800
KTN,AIRPORT,H1,40,40,PFC,0.0,0.0,0.0,0.0,ALL/ALL/ALL
KVC,AIRPORT,12/30,6694,150,ASPH-E,59.0,98.0,160.0,0.0,ALL/ALL/0800-1700
ADQ,AIRPORT,07/25,2250,100,TURF,0.0,0.0,0.0,0.0,ALL/ALL/ALL
FBK,AIRPORT,09/27,5400,100,ASPH-E,30.0,0.0,0.0,0.0,UNATNDD
MLY,AIRPORT,05/23,3998,150,ASPH,0.0,0.0,0.0,0.0,UNATNDD
MCG,AIRPORT,H1,60,60,CONC,0.0,0.0,0.0,0.0,ALL/MON-FRI/0800-1600
CDV,AIRPORT,04/22,6498,150,ASPH-E,120.0,250.0,450.0,972.0,UNATNDD
MRI,AIRPORT,12/30,4000,100,ASPH-F,15.0,0.0,0.0,0.0,ALL/ALL/ALL
ENN,AIRPORT,17/35,1950,35,DIRT,0.0,0.0,0.0,0.0,ALL/MON-FRI/0730-1600
OME,AIRPORT,H1,30,30,GRAVEL,0.0,0.0,0.0,0.0,ALL/ALL/ALL
NUL,AIRPORT,H1,100,100,CONC-E,0.0,0.0,0.0,0.0,ALL/MON-FRI/0800-1700
PSG,AIRPORT,17/35,2500,75,DIRT,0.0,0.0,0.0,0.0,ALL/SUN/ON CALL
TAL,AIRPORT,E/W,3600,60,DIRT,0.0,0.0,0.0,0.0,ALL/MON-FRI/0730-1700
SDP,AIRPORT,08/26,2436,24,ASPH-G,0.0,0.0,0.0,0.0,UNATNDD
SIT,AIRPORT,H2,40,50,ASPH-CONC,0.0,0.0,0.0,0.0,ALL/MON-FRI/0700-1800
SXQ,AIRPORT,06/24,2700,65,DIRT,0.0,0.0,0.0,0.0,UNATNDD
PBV,AIRPORT,01/19,6250,100,ASPH-G,30.0,50.0,0.0,0.0,ALL/ALL/ALL
SNP,AIRPORT,H1,50,50,CONC-G,0.0,0.0,0.0,0.0,UNATTND
ANC,AIRPORT,H3,60,60,CONC,0.0,0.0,0.0,0.0,UNATNDD
6K8,AIRPORT,12L/30R,9300,150,CONC-G,75.0,210.0,590.0,850.0,ALL/MON-SAT/0800-1700
UBW,AIRPORT,03/21,2500,45,DIRT,0.0,0.0,0.0,0.0,UNATNDD
DUT,AIRPORT,H1,120,120,ASPH,0.0,0.0,0.0,0.0,UNATNDD
VDZ,AIRPORT,12/30,6007,100,ASPH-G,33.0,0.0,0.0,0.0,UNATNDD
PAQ,AIRPORT,H1,40,40,CONC,0.0,0.0,0.0,0.0,UNATNDD
BRW,AIRPORT,H1,50,50,CONC-G,0.0,0.0,0.0,0.0,ALL/ALL/DALGT
WRG,AIRPORT,H1,60,60,CONC,0.0,0.0,0.0,0.0,ALL/MON-SAT/0800-1700
YAK,AIRPORT,02/20,2900,50,DIRT,0.0,0.0,0.0,0.0,UNATNDD
BHM,AIRPORT,H2,60,60,CONC,0.0,0.0,0.0,0.0,UNATNDD
DHN,AIRPORT,03/21,6095,75,ASPH-G,50.0,75.0,135.0,0.0,ALL/ALL/ALL
EDN,AIRPORT,H2,40,40,ASPH,0.0,0.0,0.0,0.0,ALL/ALL/0800-1800
BFM,AIRPORT,17/35,3100,50,TURF,0.0,0.0,0.0,0.0,UNATNDD
EET,AIRPORT,16/34,2900,125,TURF-E,0.0,0.0,0.0,0.0,UNATNDD
LIT,AIRPORT,H1,145,75,ASPH,0.0,0.0,0.0,0.0,UNATNDD
FYV,AIRPORT,18/36,2500,75,TURF,0.0,0.0,0.0,0.0,UNATNDD
FSM,AIRPORT,18/36,6015,100,ASPH-G,75.0,150.0,200.0,300.0,ALL/ALL/ALL
JBR,AIRPORT,H1,65,65,CONC,0.0,0.0,0.0,0.0,UNATNDD
HOT,AIRPORT,08/26,2840,60,ASPH-TRTD,0.0,0.0,0.0,0.0,ALL/MON-SAT/0800-1700
SGT,AIRPORT,16/34,5000,75,ASPH-G,12.0,0.0,0.0,0.0,UNATNDD
TXK,AIRPORT,15/33,1032,40,TURF,0.0,0.0,0.0,0.0,UNATNDD
P20,AIRPORT,16/34,2600,60,DIRT-G,0.0,0.0,0.0,0.0,ALL/ALL/0800-1700
P52,AIRPORT,11/29,3000,40,DIRT,0.0,0.0,0.0,0.0,ALL/MON-SAT/0800-1700
DMA,AIRPORT,08/26,6386,150,ASPH-G,0.0,0.0,0.0,0.0,ALL/ALL/ALL
FFZ,AIRPORT,12/30,3011,75,ASPH-G,19.0,0.0,0.0,0.0,UNATNDD
FLG,AIRPORT,03R/21L,10995,150,CONC,0.0,0.0,0.0,0.0,ALL/ALL/DAWN-DUSK
GEU,AIRPORT,16/34,3000,40,ASPH,0.0,0.0,0.0,0.0,UNATNDD
88AZ,AIRPORT,16/34,3700,50,ASPH-F,12.0,0.0,0.0,0.0,MAY-OCT/ALL/0700-1900
IGM,AIRPORT,17/35,1300,60,DIRT,0.0,0.0,0.0,0.0,ALL/MON-FRI/0800-1530
HII,AIRPORT,H1,42,42,CONC,0.0,0.0,0.0,0.0,ALL/ALL/DALGT
IFP,AIRPORT,H1,64,56,CONC,0.0,0.0,0.0,0.0,ALL/MON-FRI/DAWN-1900
AVQ,AIRPORT,H1,66,66,ASPH,0.0,0.0,0.0,0.0,UNATNDD
OLS,AIRPORT,07/25,5300,90,DIRT-F,0.0,0.0,0.0,0.0,UNATNDD
PGA,AIRPORT,06/24,3260,40,ASPH-G,4.0,0.0,0.0,0.0,UNATNDD
PAN,AIRPORT,05W/23W,3000,60,WATER-G,0.0,0.0,0.0,0.0,ALL/ALL/0700-2100
DVT,AIRPORT,H1,100,100,ASPH,0.0,0.0,0.0,0.0,ALL/ALL/ALL
GYR,AIRPORT,H1,44,44,CONC,0.0,0.0,0.0,0.0,UNATNDD
IWA,AIRPORT,H1,55,55,PSP,0.0,0.0,0.0,0.0,ALL/ALL/0700-2100
PHX,AIRPORT,H1,45,45,CONC,0.0,0.0,0.0,0.0,UNATNDD
MZJ,AIRPORT,14/32,2980,60,ASPH-F,12.0,0.0,0.0,0.0,ALL/ALL/ALL
PRC,AIRPORT,05/23,1498,30,DIRT-F,0.0,0.0,0.0,0.0,ALL/SUN/2200-0200Z++
RYN,AIRPORT,H1,50,50,CONC,0.0,0.0,0.0,0.0,UNATNDD
SAD,AIRPORT,H1,100,60,TURF,0.0,0.0,0.0,0.0,ALL/ALL/0800-1700
P13,AIRPORT,H1,15,15,CONC,0.0,0.0,0.0,0.0,ALL/ALL/ALL
SDL,AIRPORT,16/34,1900,75,TURF,0.0,0.0,0.0,0.0,ALL/ALL/DALGT
SEZ,AIRPORT,N/S,2500,50,GRVL-TRTD,0.0,0.0,0.0,0.0,UNATNDD
FHU,AIRPORT,H3,20,20,ASPH-CONC,0.0,0.0,0.0,0.0,ALL/ALL/ALL
JTC,AIRPORT,H1,50,30,CONC,0.0,0.0,0.0,0.0,ALL/ALL/ALL
TUS,AIRPORT,17/35,3488,50,ASPH,0.0,0.0,0.0,0.0,UNATNDD
E25,AIRPORT,H1,66,65,CONC,0.0,0.0,0.0,0.0,UNATNDD
INW,AIRPORT,H5,20,20,ASPH-G,0.0,0.0,0.0,0.0,UNATNDD
NYL,AIRPORT,04R/22L,7999,200,ASPH-CONC,0.0,0.0,0.0,0.0,UNATNDD
APV,AIRPORT,H1,50,50,ASPH,0.0,0.0,0.0,0.0,DEC-APR/ALL/0800-1730
AUN,AIRPORT,H1,25,25,CONC,0.0,0.0,0.0,0.0,UNATNDD
DAG,AIRPORT,06R/24L,10885,150,CONC-G,175.0,225.0,400.0,900.0,UNATNDD
L35,AIRPORT,H1,40,30,CONC,0.0,0.0,0.0,0.0,ALL/ALL/0900-1700
BUR,AIRPORT,08/26,3305,60,ASPH-F,12.0,0.0,0.0,0.0,UNATNDD
C83,AIRPORT,12/30,12503,200,ASPH-E,120.0,150.0,450.0,0.0,UNATNDD
ACV,AIRPORT,14R/32L,8121,200,ASPH,0.0,0.0,0.0,0.0,ALL/ALL/ALL
CMA,AIRPORT,H1,45,45,CONC,0.0,0.0,0.0,0.0,UNATNDD
MER,AIRPORT,03/21,2100,75,DIRT,0.0,0.0,0.0,0.0,ALL/ALL/ALL
STS,AIRPORT,10R/28L,6213,150,ASPH-G,75.0,210.0,500.0,900.0,UNATNDD
CIC,AIRPORT,H1,34,34,CONC-G,0.0,0.0,0.0,0.0,ALL/ALL/ALL
CNO,AIRPORT,H1,75,75,TURF,0.0,0.0,0.0,0.0,UNATNDD
O22,AIRPORT,H1,568,410,CONC,0.0,0.0,0.0,0.0,ALL/ALL/ALL
FAT,AIRPORT,H1,60,60,ASPH-G,0.0,0.0,0.0,0.0,UNATNDD
FUL,AIRPORT,06/24,3190,50,ASPH-P,0.0,0.0,0.0,0.0,UNATNDD
WJF,AIRPORT,08/26,3600,50,ASPH-F,0.0,0.0,0.0,0.0,UNATNDD
HAF,AIRPORT,16/34,10599,150,CONC-G,155.0,300.0,500.0,0.0,UNATNDD
HMT,AIRPORT,H1,30,30,ASPH-CONC,0.0,0.0,0.0,0.0,ALL/ALL/0600-2100
CEC,AIRPORT,H1,150,100,ASPH,0.0,0.0,0.0,0.0,UNATNDD
TRM,AIRPORT,01L/19R,7650,200,ASPH-G,75.0,200.0,400.0,877.0,UNATNDD
SNA,AIRPORT,07/25,2500,100,ASPH-G,12.0,12.0,0.0,0.0,UNATNDD
TVL,AIRPORT,H1,60,60,ASPH-E,0.0,0.0,0.0,0.0,ALL/ALL/ALL
NLC,AIRPORT,06/24,2300,40,TURF,0.0,0.0,0.0,0.0,UNATNDD
LHM,AIRPORT,H1,100,100,ASPH,19.0,0.0,0.0,0.0,UNATNDD
LVK,AIRPORT,11W/29W,10000,2400,WATER,0.0,0.0,0.0,0.0,UNATNDD
LGB,AIRPORT,H1,52,48,CONC,0.0,0.0,0.0,0.0,ALL/ALL/ALL
SLI,AIRPORT,15/33,2380,30,ASPH-F,0.0,0.0,0.0,0.0,UNATNDD
LAX,AIRPORT,08/26,2490,40,ASPH-F,8.0,0.0,0.0,0.0,IREG
RIV,AIRPORT,14/32,2600,60,ASPH,0.0,0.0,0.0,0.0,UNATNDD
MCC,AIRPORT,16/34,4600,50,ASPH-G,12.0,0.0,0.0,0.0,UNATNDD
CRQ,AIRPORT,H1,120,120,ASPH-G,0.0,0.0,0.0,0.0,UNATNDD
BFL,AIRPORT,H1,40,40,CONC,0.0,0.0,0.0,0.0,UNATNDD
MCE,AIRPORT,H1,48,48,CONC-G,0.0,0.0,0.0,0.0,UNATNDD
OAK,AIRPORT,H1,24,24,CONC,0.0,0.0,0.0,0.0,UNATNDD
MOD,AIRPORT,17/35,5910,60,ASPH-F,0.0,0.0,0.0,0.0,UNATNDD
NUQ,AIRPORT,H1,52,52,ASPH-G,0.0,0.0,0.0,0.0,UNATNDD
MRY,AIRPORT,13/31,3901,75,ASPH-G,12.0,0.0,0.0,0.0,ALL/ALL/ALL
APC,AIRPORT,10/28,8015,150,PSP,80.0,180.0,320.0,850.0,NOV-MAR/ALL/0700-1800
EED,AIRPORT,H1,50,50,CONC,0.0,0.0,0.0,0.0,UNATNDD
SJC,AIRPORT,02/20,4700,75,ASPH-G,30.0,0.0,0.0,0.0,No Information
ONT,AIRPORT,17/35,13052,150,ASPH-CONC-G,60.0,200.0,400.0,850.0,UNATNDD
OXR,AIRPORT,H1,100,100,ASPH,0.0,0.0,0.0,0.0,UNATNDD
PMD,AIRPORT,14/32,5000,60,ASPH-G,12.0,0.0,0.0,0.0,ALL/MON-FRI/0730-1530
PSP,AIRPORT,H1,54,54,CONC,0.0,0.0,0.0,0.0,UNATNDD
PRB,AIRPORT,H1,75,75,CONC,0.0,0.0,0.0,0.0,UNATNDD
PVF,AIRPORT,07/25,2640,100,DIRT,0.0,0.0,0.0,0.0,UNATNDD
PTV,AIRPORT,02/20,2500,50,DIRT,0.0,0.0,0.0,0.0,UNATNDD
RBL,AIRPORT,07/25,2600,35,TURF,0.0,0.0,0.0,0.0,UNATNDD
RDD,AIRPORT,H1,100,100,TURF,0.0,0.0,0.0,0.0,UNATNDD
O32,AIRPORT,10/28,1800,75,GRVL,0.0,0.0,0.0,0.0,ALL/ALL/0600-2200
FOT,AIRPORT,12/30,3200,60,TURF,0.0,0.0,0.0,0.0,UNATNDD
SAC,AIRPORT,08/26,3000,40,GRAVEL,0.0,0.0,0.0,0.0,UNATNDD
SMF,AIRPORT,H1,36,36,WOOD,0.0,0.0,0.0,0.0,UNATNDD
MHR,AIRPORT,H1,20,20,DIRT,0.0,0.0,0.0,0.0,ALL/MON-FRI/0800-SS
SNS,AIRPORT,11/29,5399,75,ASPH-G,26.0,26.0,0.0,0.0,UNATNDD
SBD,AIRPORT,H1,22,22,CONC,0.0,0.0,0.0,0.0,UNATNDD
SAN,AIRPORT,17/35,2400,50,TURF,0.0,0.0,0.0,0.0,UNATNDD
SFO,AIRPORT,H1,100,100,GRAVEL,0.0,0.0,0.0,0.0,UNATNDD
EMT,AIRPORT,04/22,2880,40,ASPH-F,0.0,0.0,0.0,0.0,UNATNDD
SBP,AIRPORT,H1,80,40,CONC-G,0.0,0.0,0.0,0.0,ALL/ALL/0800-2400
SBA,AIRPORT,15G/33G,5001,200,TURF-F,0.0,0.0,0.0,0.0,ALL/MON-FRI/0830-DUSK
SMX,AIRPORT,H1,40,40,CONC-F,0.0,0.0,0.0,0.0,IREG
MIT,AIRPORT,04/22,2500,40,GRVL-DIRT,0.0,0.0,0.0,0.0,ALL/ALL/0630-2230
SIY,AIRPORT,H1,48,48,ROOF-TOP,0.0,0.0,0.0,0.0,UNATNDD
SCK,AIRPORT,17/35,2640,20,ASPH,0.0,0.0,0.0,0.0,ALL/ALL/0600-1800
TRK,AIRPORT,H1,150,100,CONC,0.0,0.0,0.0,0.0,IREG
UKI,AIRPORT,08/26,1000,40,TURF,0.0,0.0,0.0,0.0,UNTNDD
VNY,AIRPORT,18/36,2600,75,TURF-DIRT-G,0.0,0.0,0.0,0.0,UNATNDD
WVI,AIRPORT,14/32,2400,65,TURF-DIRT-G,0.0,0.0,0.0,0.0,ALL/SAT-SUN/ALL
WHP,AIRPORT,H1,50,50,CONC,0.0,0.0,0.0,0.0,UNATNDD
TOA,AIRPORT,16/34,2640,80,GRVL,0.0,0.0,0.0,0.0,ALL/MON-FRI/0800-1600
ASE,AIRPORT,17/35,2600,33,GRVL-F,0.0,0.0,0.0,0.0,UNATNDD
APA,AIRPORT,H1,40,40,CONC,0.0,0.0,0.0,0.0,UNATNDD
COS,AIRPORT,H1,100,100,TURF,0.0,0.0,0.0,0.0,ALL/ALL/ALL
CEZ,AIRPORT,E/W,2600,50,GRVL-DIRT,0.0,0.0,0.0,0.0,ALL/ALL/ALL
DRO,AIRPORT,08/26,2300,50,TURF,0.0,0.0,0.0,0.0,ALL/ALL/ALL
EGE,AIRPORT,H1,20,20,GRVL,0.0,0.0,0.0,0.0,UNATNDD
FMM,AIRPORT,H1,57,57,CONC,0.0,0.0,0.0,0.0,UNATNDD
1V6,AIRPORT,14/32,5250,55,TURF,0.0,0.0,0.0,0.0,UNATNDD
GNB,AIRPORT,H1,100,100,TURF,0.0,0.0,0.0,0.0,ALL/MON-FRI/0630-1930
GJT,AIRPORT,H1,84,84,CONC-G,0.0,0.0,0.0,0.0,ALL/MON-FRI/0600-2300
MVI,AIRPORT,H1,45,45,DECK,0.0,0.0,0.0,0.0,UNATNDD
MTJ,AIRPORT,16/34,1800,24,ASPH,0.0,0.0,0.0,0.0,UNATNDD
FNL,AIRPORT,16W/34W,4500,1000,WATER,0.0,0.0,0.0,0.0,ALL/FRI/1300-2300Z
PUB,AIRPORT,15W/33W,2900,100,WATER,0.0,0.0,0.0,0.0,ALL/ALL/ALL
RIL,AIRPORT,N/S,2000,200,TURF,0.0,0.0,0.0,0.0,ALL/SUN/2300-0300Z++
BJC,AIRPORT,H1,90,75,ASPH,0.0,0.0,0.0,0.0,UNATNDD
ALS,AIRPORT,H1,30,30,ASPH-G,0.0,0.0,0.0,0.0,UNATNDD
SBS,AIRPORT,02/20,1600,250,TURF-G,0.0,0.0,0.0,0.0,ALL/ALL/0800-1700
HDN,AIRPORT,H1,70,70,CONC-G,0.0,0.0,0.0,0.0,UNATNDD
BDL,AIRPORT,H1,300,60,ASPH,0.0,0.0,0.0,0.0,ALL/ALL/ALL
BDR,AIRPORT,H1,60,60,CONC,0.0,0.0,0.0,0.0,APR-SEP/ALL/DALGT
GON,AIRPORT,09/27,3100,140,TURF,0.0,0.0,0.0,0.0,ALL/ALL/ALL
HEF,AIRPORT,08/26,3200,100,ASPH,0.0,0.0,0.0,0.0,UNATNDD
IAD,AIRPORT,N/S,2200,50,TRTD,0.0,0.0,0.0,0.0,ALL/ALL/ALL
X21,AIRPORT,12/30,6001,100,ASPH-G,0.0,60.0,0.0,0.0,UNATNDD
BOW,AIRPORT,H1,25,25,CONC,0.0,0.0,0.0,0.0,NOVEMBER/26/0700-1200
CEW,AIRPORT,E/W,1800,100,TURF,0.0,0.0,0.0,0.0,UNATNDD
BCT,AIRPORT,H1,40,40,CONC,0.0,0.0,0.0,0.0,ALL/ALL/0800-1700
BKV,AIRPORT,06/24,2726,400,CONC,0.0,0.0,0.0,0.0,ALL/ALL/ALL
VQQ,AIRPORT,18/36,2640,300,TURF,0.0,0.0,0.0,0.0,ALL/ALL/0900-1700
CLW,AIRPORT,05/23,5000,240,ASPH-P,0.0,0.0,0.0,0.0,IREG
ORL,AIRPORT,H1,58,58,CONC,0.0,0.0,0.0,0.0,UNATNDD
FXE,AIRPORT,H12,50,50,GRVL,0.0,0.0,0.0,0.0,ON CALL
FLL,AIRPORT,H13,40,40,ASPH-GRVL,0.0,0.0,0.0,0.0,UNATNDD
CRG,AIRPORT,18/36,1800,100,TURF,0.0,0.0,0.0,0.0,ALL/SAT-SUN/0900-1700
JAX,AIRPORT,09/27,3500,100,TURF,0.0,0.0,0.0,0.0,ALL/MON-FRI/0800-1900
EYW,AIRPORT,18/36,9600,150,CONC,0.0,0.0,0.0,0.0,ALL/ALL/0800-1700
ISM,AIRPORT,05/23,8001,200,ASPH-G,0.0,0.0,0.0,0.0,UNATNDD
LCQ,AIRPORT,11/29,3000,100,TURF,0.0,0.0,0.0,0.0,ALL/FRI/1300-0000Z
LAL,AIRPORT,H1,48,48,CONC,0.0,0.0,0.0,0.0,UNATTENDED
MKY,AIRPORT,18/36,3701,75,ASPH-G,22.0,0.0,0.0,0.0,ALL/MON-SAT/0800-1700
MLB,AIRPORT,12W/30W,4000,200,WATER,0.0,0.0,0.0,0.0,ALL/ALL/ALL
MIA,AIRPORT,H1,20,20,CONC,0.0,0.0,0.0,0.0,UNATNDD
APF,AIRPORT,07W/25W,5000,100,WATER,0.0,0.0,0.0,0.0,ALL/ALL/0700-1700
EVB,AIRPORT,09/27,3365,80,TURF,0.0,0.0,0.0,0.0,UNATNDD
ECP,AIRPORT,H1,40,40,CONC,0.0,0.0,0.0,0.0,UNATNDD
OCF,AIRPORT,H1,71,71,CONC,0.0,0.0,0.0,0.0,UNATNDD
MCO,AIRPORT,10/28,2000,100,TURF,0.0,0.0,0.0,0.0,ALL/ALL/ALL
2R4,AIRPORT,13/31,4625,100,ASPH-F,35.0,60.0,0.0,0.0,UNATNDD
SRQ,AIRPORT,03/21,2332,50,TURF,0.0,0.0,0.0,0.0,ALL/ALL/0800-1700
RSW,AIRPORT,16/34,3150,120,TURF,0.0,0.0,0.0,0.0,IREG
TIX,AIRPORT,16/34,4950,75,ASPH-P,0.0,0.0,0.0,0.0,UNATNDD
TLH,AIRPORT,01/19,520,87,TURF,0.0,0.0,0.0,0.0,UNATNDD
FPR,AIRPORT,07/25,4653,100,ASPH-F,58.0,95.0,170.0,0.0,ALL/ALL/0800-DUSK
VNC,AIRPORT,H1,50,50,CONC,0.0,0.0,0.0,0.0,UNATNDD
X60,AIRPORT,18/36,2000,120,TURF,0.0,0.0,0.0,0.0,ALL/ALL/ALL
SUA,AIRPORT,18/36,5022,90,ASPH,35.0,78.0,0.0,0.0,ALL/ALL/ALL
AHN,AIRPORT,14/32,4300,75,ASPH-G,30.0,0.0,0.0,0.0,UNATNDD
FFC,AIRPORT,H1,44,44,CONC,0.0,0.0,0.0,0.0,IREG
HMP,AIRPORT,H1,100,100,CONC-G,0.0,0.0,0.0,0.0,UNATNDD
AGS,AIRPORT,H1,550,150,TURF-F,0.0,0.0,0.0,0.0,UNATNDD
WDR,AIRPORT,H1,40,40,ASPH,0.0,0.0,0.0,0.0,ALL/ALL/0800-1700
CNI,AIRPORT,H1,40,40,CONC,0.0,0.0,0.0,0.0,UNATNDD
RYY,AIRPORT,10/28,4693,100,TURF,0.0,0.0,0.0,0.0,UNATNDD
48A,AIRPORT,H1,40,40,ASPH,0.0,0.0,0.0,0.0,ALL/ALL/ALL
DNL,AIRPORT,H1,62,40,CONC,0.0,0.0,0.0,0.0,IREG
PDK,AIRPORT,H1,85,85,CONC-F,0.0,0.0,0.0,0.0,UNATNDD
18A,AIRPORT,NE/SW,2400,100,TURF,0.0,0.0,0.0,0.0,ALL/SUN/0900-1700
LZU,AIRPORT,07/25,3000,40,CONC,0.0,0.0,0.0,0.0,ALL/ALL/0600-2200
AZE,AIRPORT,05/23,700,60,TURF,0.0,0.0,0.0,0.0,ALL/ALL/ALL
09J,AIRPORT,17/35,3200,80,TURF,0.0,0.0,0.0,0.0,ALL/ALL/ALL
JZP,AIRPORT,17/35,2000,80,TURF,0.0,0.0,0.0,0.0,ALL/ALL/ALL
SAV,AIRPORT,13/31,6499,100,ASPH-G,75.0,100.0,100.0,0.0,UNATNDD
OPN,AIRPORT,16/34,3878,75,ASPH-F,12.0,0.0,0.0,0.0,UNATNDD
VDI,AIRPORT,H1,20,20,CONC,0.0,0.0,0.0,0.0,IREG
CTJ,AIRPORT,18/36,2200,60,ASPH,0.0,0.0,0.0,0.0,UNATNDD
HNL,AIRPORT,13/31,2700,100,TURF,0.0,0.0,0.0,0.0,UNATNDD
ITO,AIRPORT,H1,50,50,CONC,0.0,0.0,0.0,0.0,UNATNDD
OGG,AIRPORT,16/34,3000,50,ASPH-G,0.0,0.0,0.0,0.0,UNATNDD
DBQ,AIRPORT,N/S,2350,100,TURF,0.0,0.0,0.0,0.0,IREG
BOI,AIRPORT,13U/31U,633,35,TURF-F,0.0,0.0,0.0,0.0,ALL/ALL/DALGT
65S,AIRPORT,13/31,3534,45,ASPH-G,8.0,0.0,0.0,0.0,ALL/ALL/0800-1700
LLJ,AIRPORT,07/25,1800,50,TURF-G,0.0,0.0,0.0,0.0,UNATNDD
COE,AIRPORT,H1,65,16,CONC-G,0.0,0.0,0.0,0.0,UNATNDD
SUN,AIRPORT,12/30,2765,50,DIRT-F,0.0,0.0,0.0,0.0,UNATNDD
GIC,AIRPORT,18/36,2060,102,TURF,0.0,0.0,0.0,0.0,ALL/ALL/0700-2300
IDA,AIRPORT,H1,50,50,ASPH,0.0,0.0,0.0,0.0,UNATNDD
JER,AIRPORT,H1,40,40,CONC,0.0,0.0,0.0,0.0,UNATNDD
TWF,AIRPORT,H1,42,42,CONC,0.0,0.0,0.0,0.0,UNATNDD
SMN,AIRPORT,18/36,4002,75,ASPH-G,4.0,0.0,0.0,0.0,UNATNDD
LWS,AIRPORT,18/36,1800,134,TURF,0.0,0.0,0.0,0.0,ALL/ALL/ALL
MYL,AIRPORT,08/26,2614,190,TURF,0.0,0.0,0.0,0.0,ALL/ALL/0800-2200
MAN,AIRPORT,02/20,3200,60,ASPH-F,6.0,0.0,0.0,0.0,ALL/ALL/ALL
PIH,AIRPORT,09/27,2150,70,TURF,0.0,0.0,0.0,0.0,ALL/MON-SAT/0800-1700
U10,AIRPORT,H1,40,40,CONC,0.0,0.0,0.0,0.0,UNATNDD
SZT,AIRPORT,H1,75,75,CONC,0.0,0.0,0.0,0.0,UNATNDD
SPI,AIRPORT,18/36,5298,150,ASPH-G,75.0,115.0,180.0,0.0,ALL/ALL/DAWN-DUSK
RFD,AIRPORT,H1,30,30,CONC,0.0,0.0,0.0,0.0,UNATNDD
DPA,AIRPORT,H1,44,44,CONC,0.0,0.0,0.0,0.0,UNATNDD
PIA,AIRPORT,H1,36,36,CONC,0.0,0.0,0.0,0.0,UNATNDD
MLI,AIRPORT,18/36,2640,125,TURF-G,0.0,0.0,0.0,0.0,UNATNDD
CPS,AIRPORT,09/27,2200,100,TURF,0.0,0.0,0.0,0.0,UNATNDD
UGN,AIRPORT,13/31,4501,100,ASPH-G,25.0,30.0,0.0,0.0,UNATNDD
BAK,AIRPORT,H2,70,70,ASPH-CONC,0.0,0.0,0.0,0.0,ALL/SAT-SUN/0900-1900
EVV,AIRPORT,12/30,8859,150,CONC-G,75.0,157.0,175.0,250.0,UNATNDD
GYY,AIRPORT,07/25,2300,50,TURF-G,0.0,0.0,0.0,0.0,UNATNDD
IND,AIRPORT,09/27,3000,100,TURF,0.0,0.0,0.0,0.0,ALL/ALL/ALL
HFY,AIRPORT,H1,40,40,CONC,0.0,0.0,0.0,0.0,ALL/ALL/DALGT
LAF,AIRPORT,18/36,1300,66,TURF,0.0,0.0,0.0,0.0,UNATNDD
RID,AIRPORT,H1,40,40,ASPH,0.0,0.0,0.0,0.0,UNATNDD
AAO,AIRPORT,14/32,4201,75,CONC-G,41.0,55.0,0.0,0.0,ALL/MON-FRI/0700-1600
GCK,AIRPORT,11/29,2700,120,TURF-F,0.0,0.0,0.0,0.0,UNATNDD
HUT,AIRPORT,09/27,2812,50,TURF-G,0.0,0.0,0.0,0.0,UNATNDD
LBL,AIRPORT,H1,40,40,CONC,0.0,0.0,0.0,0.0,UNATNDD
IAB,AIRPORT,17/35,5500,100,CONC-E,0.0,0.0,0.0,0.0,UNATNDD
EWK,AIRPORT,14/32,5600,100,ASPH-G,45.0,51.0,0.0,0.0,ALL/ALL/0700-1700
TOP,AIRPORT,13/31,6001,100,CONC-E,80.0,105.0,175.0,0.0,OCT-MAY/ALL/0700-1700
ICT,AIRPORT,04/22,2400,100,TURF-G,0.0,0.0,0.0,0.0,ALL/ALL/0900-1600
PAH,AIRPORT,17/35,2550,80,TURF,0.0,0.0,0.0,0.0,UNATNDD
SJS,AIRPORT,13/31,1500,40,TURF,0.0,0.0,0.0,0.0,UNATNDD
BWG,AIRPORT,18/36,5500,75,CONC-E,39.0,50.0,0.0,0.0,UNATNDD
FFT,AIRPORT,18/36,2500,50,TURF,0.0,0.0,0.0,0.0,UNATNDD
GLW,AIRPORT,15/33,4200,75,CONC-G,12.0,12.0,0.0,0.0,ALL/MON-FRI/0800-1600
LOZ,AIRPORT,17/35,2100,100,TURF,0.0,0.0,0.0,0.0,UNATNDD
2I0,AIRPORT,05/23,4001,75,ASPH-G,12.0,0.0,0.0,0.0,UNATNDD
M25,AIRPORT,04/22,1700,70,TURF-F,0.0,0.0,0.0,0.0,UNATNDD
IOB,AIRPORT,17/35,1200,30,TURF,0.0,0.0,0.0,0.0,ALL/ALL/0800-DUSK
EKQ,AIRPORT,17/35,2904,50,ASPH-G,0.0,0.0,0.0,0.0,UNATNDD
HUM,AIRPORT,17/35,6000,100,CONC-G,45.0,60.0,0.0,0.0,UNATNDD
LFT,AIRPORT,01/19,2400,80,TURF,0.0,0.0,0.0,0.0,ALL/MON-FRI/0900-1700
NEW,AIRPORT,H1,40,40,WOOD,0.0,0.0,0.0,0.0,ALL/ALL/ALL
MLU,AIRPORT,17/35,1700,50,TURF,0.0,0.0,0.0,0.0,UNATNDD
SHV,AIRPORT,09/27,4000,75,CONC-G,30.0,0.0,0.0,0.0,UNATNDD
TVR,AIRPORT,02/20,3455,75,ASPH-L,13.0,0.0,0.0,0.0,UNATNDD
AQW,AIRPORT,H1,40,40,TURF,0.0,0.0,0.0,0.0,ALL/ALL/0800-1700
OWD,AIRPORT,H1,60,60,TURF,0.0,0.0,0.0,0.0,JUL-OCT/ALL/0500-2300
BWI,AIRPORT,07/25,2200,80,TURF,0.0,0.0,0.0,0.0,ALL/MON-FRI/0800-1700
FDK,AIRPORT,18/36,3204,75,ASPH-G,28.0,0.0,0.0,0.0,UNATNDD
BGR,AIRPORT,01/19,3293,25,ASPH,0.0,0.0,0.0,0.0,UNATNDD
RKD,AIRPORT,18/36,3014,75,ASPH-G,12.0,0.0,0.0,0.0,IRREGULAR MAR-NOV
SFM,AIRPORT,H1,85,85,ASPH-G,0.0,0.0,0.0,0.0,ALL/ALL/DALGT
LAN,AIRPORT,H1,65,65,ASPH-G,0.0,0.0,0.0,0.0,UNATNDD
TVC,AIRPORT,02/20,1900,150,TURF,0.0,0.0,0.0,0.0,ALL/SAT-SUN/ALL
GLR,AIRPORT,15W/33W,5000,500,WATER,0.0,0.0,0.0,0.0,ALL/ALL/ALL
OZW,AIRPORT,H1,50,50,CONC,0.0,0.0,0.0,0.0,ALL/ALL/ALL
OSC,AIRPORT,09/27,2500,50,TURF,0.0,0.0,0.0,0.0,ALL/ALL/0530-2000
PLN,AIRPORT,12/30,2600,24,ASPH,0.0,0.0,0.0,0.0,UNATTNDED
SAW,AIRPORT,H1,100,66,ASPH,0.0,0.0,0.0,0.0,UNATNDD
LWA,AIRPORT,07/25,2590,45,TURF,0.0,0.0,0.0,0.0,UNATNDD
AIT,AIRPORT,15/33,1300,150,TURF,0.0,0.0,0.0,0.0,ALL/ALL/0900-1900
ANE,AIRPORT,H1,60,60,CONC,0.0,0.0,0.0,0.0,UNATNDD
AUM,AIRPORT,H1,49,49,ROOF-TOP,0.0,0.0,0.0,0.0,ALL/ALL/ALL
BJI,AIRPORT,09W/27W,6000,1000,WATER,0.0,0.0,0.0,0.0,UNATNDD
BRD,AIRPORT,H1,30,90,CONC,0.0,0.0,0.0,0.0,UNATNDD
COQ,AIRPORT,H1,90,90,CONC,0.0,0.0,0.0,0.0,UNATNDD
DLH,AIRPORT,H1,50,50,TURF,0.0,0.0,0.0,0.0,UNATNDD
ELO,AIRPORT,H1,30,30,ASPH,0.0,0.0,0.0,0.0,UNATNDD
INL,AIRPORT,06/24,3900,100,ASPH-E,12.0,0.0,0.0,0.0,UNATNDD
FCM,AIRPORT,H1,100,100,TURF,0.0,0.0,0.0,0.0,UNATNDD
GPZ,AIRPORT,15/33,4500,100,ASPH-G,60.0,85.0,155.0,0.0,UNATNDD
MKT,AIRPORT,02/20,1800,60,TURF,0.0,0.0,0.0,0.0,IREG
MSP,AIRPORT,05/23,5001,100,ASPH-F,20.0,0.0,0.0,0.0,UNATNDD
HIB,AIRPORT,H1,60,60,CONC,0.0,0.0,0.0,0.0,ALL/ALL/ALL
TWM,AIRPORT,H1,20,20,CONC-E,0.0,0.0,0.0,0.0,ALL/ALL/0600-1900
RST,AIRPORT,14/32,2000,50,TURF,0.0,0.0,0.0,0.0,UNATNDD
SGS,AIRPORT,H1,30,30,TURF,0.0,0.0,0.0,0.0,UNATNDD
STP,AIRPORT,H1,20,20,ROOF-TOP,0.0,0.0,0.0,0.0,ALL/MON-FRI/0800-1700
RRT,AIRPORT,01/19,2500,150,ASPH-TURF-F,0.0,0.0,0.0,0.0,UNATNDD
M17,AIRPORT,05/23,5000,150,CONC-F,0.0,0.0,0.0,0.0,UNATNDD
BBG,AIRPORT,14R/32L,6700,300,WATER,0.0,0.0,0.0,0.0,UNATNDD
CGI,AIRPORT,12/30,5003,75,ASPH-G,20.0,0.0,0.0,0.0,ALL/ALL/ALL
MKC,AIRPORT,10/28,5000,100,ASPH-G,36.0,75.0,0.0,0.0,UNATNDD
TKX,AIRPORT,01/19,9000,150,PEM,0.0,0.0,0.0,0.0,UNATNDD
IRK,AIRPORT,09/27,5000,100,ASPH-F,50.0,65.0,118.0,0.0,UNATNDD
AIZ,AIRPORT,04/22,2856,150,TURF-G,0.0,0.0,0.0,0.0,UNATTND
MBY,AIRPORT,10/28,5002,100,ASPH-E,60.0,72.0,101.0,0.0,IREG
VIH,AIRPORT,09/27,2314,100,TURF-G,0.0,0.0,0.0,0.0,UNATNDD
SIK,AIRPORT,08/26,1400,50,TURF,0.0,0.0,0.0,0.0,UNATNDD
SGF,AIRPORT,18/36,1520,80,TURF-G,0.0,0.0,0.0,0.0,ALL/MON-SAT/0700-1700
GTR,AIRPORT,W/E,4600,200,WATER,0.0,0.0,0.0,0.0,UNATNDD
HEZ,AIRPORT,17/35,3301,75,ASPH-F,16.0,22.0,0.0,0.0,ALL/ALL/ALL
JAN,AIRPORT,05/23,2778,196,TURF-G,0.0,0.0,0.0,0.0,UNATNDD
MEI,AIRPORT,16W/34W,12000,500,WATER,0.0,0.0,0.0,0.0,UNATNDD
HSA,AIRPORT,H1,80,80,ASPH-CONC,0.0,0.0,0.0,0.0,UNATNDD
UOX,AIRPORT,12/30,7221,100,ASPH-F,72.0,105.0,0.0,0.0,ALL/SAT-SUN/DAWN-DUSK
VKS,AIRPORT,05W/23W,10000,500,WATER,0.0,0.0,0.0,0.0,ALL/ALL/ALL
BHK,AIRPORT,18/36,4855,100,ASPH-G,23.0,60.0,0.0,0.0,ALL/ALL/0600-1900
BTM,AIRPORT,18/36,2200,66,TURF,0.0,0.0,0.0,0.0,UNATNDD
6S0,AIRPORT,H1,45,45,CONC,0.0,0.0,0.0,0.0,UNATNDD
BIL,AIRPORT,17/35,4794,75,ASPH-G,0.0,0.0,0.0,0.0,UNATNDD
BZN,AIRPORT,17W/35W,3500,200,WATER,0.0,0.0,0.0,0.0,ALL/ALL/DALGT
CTB,AIRPORT,16W/34W,5300,500,WATER,0.0,0.0,0.0,0.0,UNATNDD
38S,AIRPORT,11/29,3302,75,ASPH-F,0.0,0.0,0.0,0.0,UNATNDD
DLN,AIRPORT,E/W,3000,150,TURF,0.0,0.0,0.0,0.0,UNATNDD
MLS,AIRPORT,NE/SW,5200,100,WATER,0.0,0.0,0.0,0.0,ALL/ALL/ALL
GPI,AIRPORT,12/30,4001,100,ASPH-F,23.0,42.0,0.0,0.0,ALL/MON-FRI/0700-1600
GTF,AIRPORT,13/31,2765,154,TURF-G,0.0,0.0,0.0,0.0,UNATNDD
HLN,AIRPORT,H1,75,75,CONC,0.0,0.0,0.0,0.0,ALL/ALL/DAWN-DUSK
LWT,AIRPORT,H1,50,50,CONC-G,0.0,0.0,0.0,0.0,UNATTND
LTY,AIRPORT,18/36,3000,100,TURF,0.0,0.0,0.0,0.0,UNATNDD
MSO,AIRPORT,14W/32W,5000,200,WATER,0.0,0.0,0.0,0.0,UNATNDD
8S1,AIRPORT,13/31,5400,100,ASPH-G,30.0,40.0,0.0,0.0,UNATT
HRF,AIRPORT,08W/26W,5000,500,WATER,0.0,0.0,0.0,0.0,UNATNDD
7S0,AIRPORT,09/27,2250,60,TURF,0.0,0.0,0.0,0.0,ALL/ALL/ON CALL
RVF,AIRPORT,12W/30W,5047,250,WATER,0.0,0.0,0.0,0.0,UNATNDD
SDY,AIRPORT,N/S,3200,150,TURF,0.0,0.0,0.0,0.0,ALL/MON-SAT/0800-2000
8S0,AIRPORT,04/22,7630,150,PEM,0.0,0.0,0.0,0.0,ALL/ALL/DALGT
32S,AIRPORT,18/36,1200,50,TURF,0.0,0.0,0.0,0.0,UNATNDD
6S3,AIRPORT,02/20,2300,50,TURF,0.0,0.0,0.0,0.0,MAY-OCT/SUN/1000-1630
WYS,AIRPORT,18/36,2100,120,TURF,0.0,0.0,0.0,0.0,UNATNDD
AVL,AIRPORT,13/31,7000,150,ASPH-G,60.0,200.0,300.0,0.0,UNATNDD
EQY,AIRPORT,01L/19R,8003,200,CONC,0.0,0.0,0.0,0.0,UNATNDD
JQF,AIRPORT,14/32,3000,75,ASPH-G,21.0,0.0,0.0,0.0,UNATNDD
MQI,AIRPORT,H1,40,40,CONC,0.0,0.0,0.0,0.0,ALL/ALL/ALL
14A,AIRPORT,H1,20,20,WOOD,0.0,0.0,0.0,0.0,ALL/ALL/ALL
SOP,AIRPORT,07/25,2600,100,TURF,0.0,0.0,0.0,0.0,UNATNDD
GSO,AIRPORT,15/33,2400,80,TURF-F,0.0,0.0,0.0,0.0,UNATNDD
SVH,AIRPORT,18/36,2648,47,ASPH-E,0.0,0.0,0.0,0.0,ALL/MON-FRI/DALGT
BIS,AIRPORT,H1,30,30,CONC,0.0,0.0,0.0,0.0,ALL/ALL/0800-DUSK
DIK,AIRPORT,16/34,2000,75,TURF,0.0,0.0,0.0,0.0,UNATNDD
FAR,AIRPORT,12/30,1661,40,TURF,0.0,0.0,0.0,0.0,UNATNDD
JMS,AIRPORT,E/W,2250,45,TURF,0.0,0.0,0.0,0.0,UNATNDD
S25,AIRPORT,09/27,1900,50,ASPH-TURF,0.0,0.0,0.0,0.0,ALL/SUN/1300-1600
XWA,AIRPORT,10/28,3000,60,TURF,0.0,0.0,0.0,0.0,UNATNDD
OMA,AIRPORT,17/35,2600,50,TURF,0.0,0.0,0.0,0.0,UNATNDD
FET,AIRPORT,18/36,3000,100,TURF,0.0,0.0,0.0,0.0,UNATNDD
EAR,AIRPORT,17/35,6501,75,ASPH-E,58.0,75.0,129.0,0.0,UNATNDD
LNK,AIRPORT,H1,75,75,CONC,0.0,0.0,0.0,0.0,ALL/ALL/0700-1600
LBF,AIRPORT,06/24,6000,100,ASPH-E,0.0,0.0,0.0,0.0,UNATNDD
SNY,AIRPORT,10/28,1840,97,TURF,0.0,0.0,0.0,0.0,UNATNDD
BFF,AIRPORT,16/34,2600,50,TURF,0.0,0.0,0.0,0.0,ALL/ALL/DALGT
EEN,AIRPORT,H1,40,40,CONC-F,0.0,0.0,0.0,0.0,UNATNDD
ACY,AIRPORT,15/33,3500,25,CONC,0.0,0.0,0.0,0.0,UNATNDD
WWD,AIRPORT,10/28,2900,100,TURF-G,0.0,0.0,0.0,0.0,UNATNDD
MMU,AIRPORT,H1,40,40,CONC,0.0,0.0,0.0,0.0,NOV-MAR/ALL/0700-2100
ALM,AIRPORT,06/24,815,40,GRAVEL-F,0.0,0.0,0.0,0.0,ALL/MON-FRI/0800-1700
ABQ,AIRPORT,H1,40,40,MATS,0.0,0.0,0.0,0.0,ALL/SAT/0900-1700
BRG,AIRPORT,06/24,1120,60,DIRT,0.0,0.0,0.0,0.0,UNATNDD
CVN,AIRPORT,12/30,4825,60,ASPH-G,15.0,0.0,0.0,0.0,UNATNDD
DMN,AIRPORT,H1,60,60,CONC-G,0.0,0.0,0.0,0.0,ALL/MON-FRI/0730-1700
AEG,AIRPORT,07/25,7003,152,ASPH,0.0,0.0,0.0,0.0,IREG
FMN,AIRPORT,07/25,4000,40,DIRT-F,0.0,0.0,0.0,0.0,UNATNDD
SVC,AIRPORT,10/28,6000,100,ASPH-G,53.0,93.0,160.0,0.0,ALL/ALL/ALL
LVS,AIRPORT,H1,80,80,CONC,0.0,0.0,0.0,0.0,UNATNDD
ROW,AIRPORT,H1,46,46,CONC,0.0,0.0,0.0,0.0,IREG
SAF,AIRPORT,H1,50,50,ASPH-CONC,0.0,0.0,0.0,0.0,UNATNDD
SKX,AIRPORT,03/21,3340,45,ASPH-G,0.0,0.0,0.0,0.0,UNATNDD
BAM,AIRPORT,03/21,5200,200,DIRT,0.0,0.0,0.0,0.0,UNATNDD
BVU,AIRPORT,01/19,2681,140,DIRT-GRVL-F,0.0,0.0,0.0,0.0,ALL/MON-SAT/0800-DUSK
CXP,AIRPORT,H1,40,40,CONC,0.0,0.0,0.0,0.0,ALL/MON-FRI/0700-1700
INS,AIRPORT,18/36,2000,60,GRVL,0.0,0.0,0.0,0.0,ALL/MON-SAT/0800-1800
LOL,AIRPORT,10/28,2000,40,ASPH,0.0,0.0,0.0,0.0,UNATNDD
EKO,AIRPORT,15/33,2500,300,TURF,0.0,0.0,0.0,0.0,ALL/SAT-SUN/UNATNDD
ELY,AIRPORT,H1,60,60,TURF,0.0,0.0,0.0,0.0,UNATNDD
LAS,AIRPORT,H1,33,33,TURF,0.0,0.0,0.0,0.0,UNATNDD
HND,AIRPORT,H1,33,33,TURF-G,0.0,0.0,0.0,0.0,ALL/ALL/DALGT
MEV,AIRPORT,H1,48,48,TURF-G,0.0,0.0,0.0,0.0,UNATNDD
VGT,AIRPORT,02/20,2105,121,ASPH-TURF-E,0.0,0.0,0.0,0.0,UNATNDD
RTS,AIRPORT,02/20,6201,100,ASPH-E,0.0,60.0,0.0,0.0,UNATNDD
RNO,AIRPORT,14/32,4001,75,ASPH-E,25.0,0.0,0.0,0.0,ALL/MON-THU/0700-1900
POU,AIRPORT,H1,30,30,TURF,0.0,0.0,0.0,0.0,UNATNDD
ITH,AIRPORT,14/32,2000,100,TURF,0.0,0.0,0.0,0.0,ALL/ALL/ALL
PEO,AIRPORT,04/22,5598,50,ASPH-TURF,0.0,0.0,0.0,0.0,UNATNDD
LUK,AIRPORT,12/30,3840,50,DIRT-G,0.0,0.0,0.0,0.0,ALL/ALL/0600-2200
DFI,AIRPORT,H1,30,30,CONC-GRVL,0.0,0.0,0.0,0.0,MAR-OCT/THU-SUN/1100-DUSK
TOL,AIRPORT,09/27,2800,75,TURF,0.0,0.0,0.0,0.0,UNATNDD
UNI,AIRPORT,NE/SW,15000,1500,WATER,0.0,0.0,0.0,0.0,UNATNDD
ADH,AIRPORT,15/33,11820,200,ASPH-G,100.0,240.0,500.0,0.0,UNATNDD
ADM,AIRPORT,05/23,6573,150,ASPH-G,40.0,73.0,115.0,0.0,UNATNDD
BVO,AIRPORT,02/20,1600,54,TURF,0.0,0.0,0.0,0.0,UNATNDD
RCE,AIRPORT,H1,55,55,MATS,0.0,0.0,0.0,0.0,ALL/MON-FRI/0800-1730
6K4,AIRPORT,H1,40,28,CONC,0.0,0.0,0.0,0.0,UNATNDD
PNC,AIRPORT,18/36,1700,75,TURF,0.0,0.0,0.0,0.0,IREG
TUL,AIRPORT,12/30,1600,100,TURF,0.0,0.0,0.0,0.0,UNATNDD
OKC,AIRPORT,18/36,1900,100,TURF-F,0.0,0.0,0.0,0.0,UNATNDD
AST,AIRPORT,05/23,7001,100,ASPH-E,35.0,68.0,0.0,0.0,UNATNDD
UAO,AIRPORT,14/32,3147,40,ASPH-G,8.0,0.0,0.0,0.0,ALL/ALL/ALL
BKE,AIRPORT,H1,25,25,CONC,0.0,0.0,0.0,0.0,UNATNDD
BDN,AIRPORT,03/21,2074,85,TURF,0.0,0.0,0.0,0.0,ALL/SAT/0800-1600
BNO,AIRPORT,04/22,6452,150,ASPH-G,80.0,123.0,0.0,0.0,ALL/ALL/ALL
DLS,AIRPORT,H1,35,35,CONC,0.0,0.0,0.0,0.0,UNATNDD
CVO,AIRPORT,14/32,1600,125,TURF,0.0,0.0,0.0,0.0,UNATNDD
LMT,AIRPORT,03/21,5500,75,ASPH-G,25.0,0.0,0.0,0.0,ALL/ALL/ALL
PDT,AIRPORT,09/27,1800,35,TURF,0.0,0.0,0.0,0.0,ALL/MON-FRI/0900-1700
GCD,AIRPORT,03/21,3400,80,TURF,0.0,0.0,0.0,0.0,UNATNDD
77S,AIRPORT,17/35,1300,60,TURF,0.0,0.0,0.0,0.0,UNATNDD
4S2,AIRPORT,07/25,1600,60,TURF,0.0,0.0,0.0,0.0,ATNDD/MON - SAT/0800 - 1700
LGD,AIRPORT,13/31,2117,60,TURF,0.0,0.0,0.0,0.0,ALL/MON-FRI/0500-2400
LKV,AIRPORT,09/27,1500,80,TURF,0.0,0.0,0.0,0.0,UNATNDD
S33,AIRPORT,H1,60,60,CONC,0.0,0.0,0.0,0.0,ALL/ALL/ALL
EUG,AIRPORT,06/24,5500,75,ASPH-E,24.0,30.0,0.0,0.0,ALL/ALL/ALL
MMV,AIRPORT,09/27,4498,150,ASPH-P,20.0,0.0,0.0,0.0,UNATNDD
SLE,AIRPORT,11/29,3662,72,TURF,0.0,0.0,0.0,0.0,UNATNDD
ONP,AIRPORT,NW/SE,2500,75,TURF,0.0,0.0,0.0,0.0,UNATNDD
ONO,AIRPORT,08/26,3400,70,TURF,0.0,0.0,0.0,0.0,ALL/MON-THUR/IREG
22S,AIRPORT,10/28,4030,60,ASPH-G,12.0,0.0,0.0,0.0,UNATNDD
HIO,AIRPORT,17/35,2600,50,TURF,0.0,0.0,0.0,0.0,UNATNDD
PDX,AIRPORT,H1,40,40,ASPH,0.0,0.0,0.0,0.0,UNATNDD
S39,AIRPORT,H1,80,80,CONC,0.0,0.0,0.0,0.0,UNATNDD
RDM,AIRPORT,03/21,4314,75,ASPH-G,30.0,0.0,0.0,0.0,ALL/SAT-SUN/0800-1700
MFR,AIRPORT,13/31,6400,100,ASPH-G,75.0,130.0,190.0,0.0,ALL/MON-FRI/0700-1700
REO,AIRPORT,07/25,4700,75,ASPH-G,16.0,20.0,0.0,0.0,UNATNDD
RBG,AIRPORT,17/35,2596,60,ASPH-G,4.0,0.0,0.0,0.0,UNATNDD
SPB,AIRPORT,H1,30,30,CONC,0.0,0.0,0.0,0.0,UNATNDD
OTH,AIRPORT,08/26,4074,115,TURF-G,0.0,0.0,0.0,0.0,ALL/ALL/DALGT
S21,AIRPORT,H11,60,60,TURF,0.0,0.0,0.0,0.0,UNATNDD
TMK,AIRPORT,09/27,2500,30,GRASS,0.0,0.0,0.0,0.0,ALL/MON-FRI/0800-1700
AGC,AIRPORT,13/31,3136,80,TURF-F,0.0,0.0,0.0,0.0,UNATNDD
CXY,AIRPORT,17/35,2600,50,ASPH-F,5.0,0.0,0.0,0.0,UNATNDD
PNE,AIRPORT,09/27,4137,60,ASPH-F,13.0,0.0,0.0,0.0,UNATNDD
PHL,AIRPORT,01/19,2764,25,ASPH-G,0.0,0.0,0.0,0.0,UNATNDD
UNV,AIRPORT,H1,44,44,CONC,0.0,0.0,0.0,0.0,ALL/ALL/ALL
AIK,AIRPORT,H1,40,40,CONC,0.0,0.0,0.0,0.0,ALL/ALL/0700-1900
CHS,AIRPORT,09/27,2600,50,TURF,0.0,0.0,0.0,0.0,UNATNDD
JZI,AIRPORT,03/21,3579,60,ASPH-E,12.0,0.0,0.0,0.0,IREG
GYH,AIRPORT,18/36,2615,150,TURF,0.0,0.0,0.0,0.0,UNATNDD
GMU,AIRPORT,H1,40,40,CONC-E,0.0,0.0,0.0,0.0,UNATNDD
HXD,AIRPORT,08/26,1500,75,TURF-G,0.0,0.0,0.0,0.0,UNATNDD
CUB,AIRPORT,17/35,1100,55,TURF,0.0,0.0,0.0,0.0,ALL/SAT-SUN/1500-2300Z++
ABR,AIRPORT,H1,30,20,WOOD,0.0,0.0,0.0,0.0,NOVEMBER-FEBRUARY/MON-SAT/0800-1800
SPF,AIRPORT,18/36,2625,60,TURF-F,0.0,0.0,0.0,0.0,UNATNDD
YKN,AIRPORT,17/35,4400,75,ASPH-CONC-G,30.0,0.0,0.0,0.0,UNATNDD
HON,AIRPORT,18/36,3000,60,ASPH-G,4.0,0.0,0.0,0.0,ALL/M-F/0700-2000
FSD,AIRPORT,03/21,1800,60,TURF,0.0,0.0,0.0,0.0,UNATNDD
PIR,AIRPORT,01/19,3010,60,ASPH-G,4.0,0.0,0.0,0.0,UNATNDD
RAP,AIRPORT,01/19,2000,50,TURF-F,0.0,0.0,0.0,0.0,UNATNDD
HZD,AIRPORT,18/36,5001,100,CONC-G,0.0,0.0,0.0,0.0,ALL/ALL/ALL
RZR,AIRPORT,H1,25,25,GRAVEL-F,0.0,0.0,0.0,0.0,UNATTND
M02,AIRPORT,H1,50,50,ASPH,0.0,0.0,0.0,0.0,UNATNDD
M29,AIRPORT,E/W,1970,75,TURF,0.0,0.0,0.0,0.0,UNATNDD
PHT,AIRPORT,H1,50,50,CONC,0.0,0.0,0.0,0.0,ALL/ALL/ALL
JWN,AIRPORT,H1,80,80,TURF,0.0,0.0,0.0,0.0,ALL/ALL/DALGT
DKX,AIRPORT,H1,50,48,CONC,0.0,0.0,0.0,0.0,ALL/ALL/ALL
M54,AIRPORT,17/35,3100,60,ASPH-G,12.0,0.0,0.0,0.0,UNATNDD
CHA,AIRPORT,01R/19L,4208,100,ASPH-G,30.0,60.0,0.0,0.0,UNATNDD
TYS,AIRPORT,17/35,2580,40,ASPH-P,0.0,0.0,0.0,0.0,UNATNDD
MKL,AIRPORT,17/35,3000,100,TURF,0.0,0.0,0.0,0.0,UNATNDD
NQA,AIRPORT,16/34,2900,50,ASPH-G,7.0,0.0,0.0,0.0,ALL/ALL/0700-1500
MNV,AIRPORT,18/36,1116,40,TURF-DIRT-F,0.0,0.0,0.0,0.0,UNATNDD
BNA,AIRPORT,03/21,2900,42,ASPH-F,10.0,12.0,0.0,0.0,ALL/ALL/ALL
TRI,AIRPORT,17/35,3749,60,ASPH-G,10.0,0.0,0.0,0.0,UNATNDD
ABI,AIRPORT,H1,53,53,CONC-F,0.0,0.0,0.0,0.0,UNATNDD
ADS,AIRPORT,16R/34L,8009,150,ASPH-G,120.0,250.0,550.0,0.0,UNATNDD
T31,AIRPORT,12/30,3247,94,DIRT,0.0,0.0,0.0,0.0,UNATNDD
AUS,AIRPORT,17/35,5224,60,ASPH-G,12.0,0.0,0.0,0.0,UNATNDD
BMT,AIRPORT,17/35,1900,50,TURF,0.0,0.0,0.0,0.0,UNATNDD
BEA,AIRPORT,H1,20,20,ASPH,0.0,0.0,0.0,0.0,UNATNDD
BPG,AIRPORT,06/24,1300,50,TURF,0.0,0.0,0.0,0.0,IREG
XBP,AIRPORT,H1,60,60,ASPH,0.0,0.0,0.0,0.0,UNATNDD
BKS,AIRPORT,09/27,1701,80,TURF,0.0,0.0,0.0,0.0,UNATNDD
CDS,AIRPORT,07/25,2950,60,CONC,0.0,0.0,0.0,0.0,UNATNDD
CXO,AIRPORT,10/28,2000,100,TURF,0.0,0.0,0.0,0.0,UNATNDD
CRP,AIRPORT,H1,40,40,ASPH-F,0.0,0.0,0.0,0.0,UNATNDD
DAL,AIRPORT,H1,65,65,ASPH,0.0,0.0,0.0,0.0,ALL/MON-FRI/0800-1700
LUD,AIRPORT,H1,45,45,CONC,0.0,0.0,0.0,0.0,ALL/ALL/ALL
DTO,AIRPORT,H1,44,44,CONC,0.0,0.0,0.0,0.0,UNATNDD
CLL,AIRPORT,H1,50,50,CONC-F,0.0,0.0,0.0,0.0,UNATNDD
GGG,AIRPORT,H1,65,65,ASPH,0.0,0.0,0.0,0.0,UNATNDD
EFD,AIRPORT,05/23,3845,50,ASPH,0.0,0.0,0.0,0.0,UNATNDD
ELP,AIRPORT,14/32,2497,50,ASPH-E,0.0,0.0,0.0,0.0,ALL/SUN/0600-1800
FTW,AIRPORT,H1,47,47,CONC,0.0,0.0,0.0,0.0,UNATNDD
GNC,AIRPORT,05/23,1885,100,TURF,0.0,0.0,0.0,0.0,ALL/MON-FRI/0800-1700
UVA,AIRPORT,H1,48,48,GRVL-TURF,0.0,0.0,0.0,0.0,UNATNDD
IAH,AIRPORT,09R/27L,2179,100,TURF-G,0.0,0.0,0.0,0.0,UNATNDD
GTU,AIRPORT,15/33,1550,50,TURF-G,0.0,0.0,0.0,0.0,UNATNDD
T82,AIRPORT,08/26,2500,150,TURF,0.0,0.0,0.0,0.0,UNATNDD
DZB,AIRPORT,10C/28C,10775,150,ASPH-CONC-G,100.0,149.0,260.0,0.0,UNATTND
TME,AIRPORT,18/36,1400,100,TURF,0.0,0.0,0.0,0.0,ALL/MON-FRI/ALL
AQO,AIRPORT,H1,100,200,TURF,0.0,0.0,0.0,0.0,UNATTENDED
LBB,AIRPORT,11/29,2129,30,ASPH-E,0.0,0.0,0.0,0.0,UNATNDD
GVT,AIRPORT,17/35,5119,100,ASPH-G,69.0,99.0,0.0,0.0,MAR-OCT/MON-SUN/0800-2000
MRF,AIRPORT,18/36,1700,75,TURF-G,0.0,0.0,0.0,0.0,UNATNDD
MAF,AIRPORT,04/22,11001,150,ASPH-CONC-G,100.0,210.0,625.0,975.0,UNATNDD
MWL,AIRPORT,18/36,2900,50,TURF,0.0,0.0,0.0,0.0,ALL/ALL/0800-DARK
ODO,AIRPORT,H1,54,54,CONC,0.0,0.0,0.0,0.0,ALL/ALL/ALL
AFW,AIRPORT,N/S,3000,36,DIRT,0.0,0.0,0.0,0.0,ALL/ALL/ALL
AMA,AIRPORT,13/31,6900,100,ASPH-G,91.0,108.0,168.0,0.0,UNATNDD
SJT,AIRPORT,14/32,2252,150,TURF-G,0.0,0.0,0.0,0.0,UNATNDD
SAT,AIRPORT,08/26,1726,60,TURF,0.0,0.0,0.0,0.0,UNATNDD
SPS,AIRPORT,02/20,3200,200,TURF,0.0,0.0,0.0,0.0,UNATNDD
SWI,AIRPORT,H1,40,40,CONC,0.0,0.0,0.0,0.0,UNATNDD
SSF,AIRPORT,11/29,3539,100,ASPH-F,27.0,0.0,0.0,0.0,ALL/ALL/ALL
TRL,AIRPORT,H1,40,40,CONC,0.0,0.0,0.0,0.0,UNATNDD
VCT,AIRPORT,02/20,1850,80,TURF,0.0,0.0,0.0,0.0,UNATNDD
ACT,AIRPORT,N/S,2000,75,TURF,0.0,0.0,0.0,0.0,UNATNDD
F05,AIRPORT,16/34,3164,30,CONC-G,0.0,0.0,0.0,0.0,UNATNDD
HOU,AIRPORT,H1,60,40,TURF-G,0.0,0.0,0.0,0.0,IREG
CNY,AIRPORT,H1,55,55,CONC,0.0,0.0,0.0,0.0,UNATNDD
PUC,AIRPORT,16/34,6080,100,CONC-G,60.0,0.0,0.0,0.0,UNATNDD
CDC,AIRPORT,17/35,2190,25,DIRT-P,0.0,0.0,0.0,0.0,ALL/ALL/ALL
HIF,AIRPORT,H1,60,40,CONC-F,0.0,0.0,0.0,0.0,IREG
DPG,AIRPORT,06/24,2800,150,TURF-G,0.0,0.0,0.0,0.0,UNATNDD
OGD,AIRPORT,05/23,3500,100,TURF,0.0,0.0,0.0,0.0,UNATNDD
PVU,AIRPORT,18/36,2251,60,TURF-G,0.0,0.0,0.0,0.0,ALL/ALL/ALL
RIF,AIRPORT,H1,39,25,CONC,0.0,0.0,0.0,0.0,UNATNDD
SLC,AIRPORT,16/34,3600,40,TRTD,0.0,0.0,0.0,0.0,ALL/MON-SAT/0800-1700
BTF,AIRPORT,H1,40,40,ASPH,0.0,0.0,0.0,0.0,UNATNDD
U42,AIRPORT,01/19,2584,50,TURF-F,0.0,0.0,0.0,0.0,UNATNDD
SGU,AIRPORT,11/29,8000,150,PEM-E,0.0,0.0,0.0,0.0,ALL/ALL/ALL
VEL,AIRPORT,01/19,3450,27,ASPH,0.0,0.0,0.0,0.0,JUN-SEP/ALL/0800-1800
ENV,AIRPORT,12/30,930,60,TURF,0.0,0.0,0.0,0.0,IREG/IREG/DALGT
HSP,AIRPORT,18/36,1800,80,TURF,0.0,0.0,0.0,0.0,UNATNDD
JYO,AIRPORT,H1,40,40,CONC,0.0,0.0,0.0,0.0,UNATNDD
RIC,AIRPORT,H1,30,30,CONC,0.0,0.0,0.0,0.0,ALL/ALL/0500-2400
ROA,AIRPORT,H1,40,40,CONC,0.0,0.0,0.0,0.0,UNATNDD
RMN,AIRPORT,17L/35R,8500,150,CONC-G,120.0,250.0,550.0,1120.0,UNATNDD
JFZ,AIRPORT,09/27,2600,100,TURF,0.0,0.0,0.0,0.0,UNATNDD
74S,AIRPORT,11/29,4050,60,ASPH,0.0,0.0,0.0,0.0,UNATNDD
S97,AIRPORT,14/32,3400,45,TURF,0.0,0.0,0.0,0.0,UNATNDD
AWO,AIRPORT,17/35,1800,50,TURF,0.0,0.0,0.0,0.0,UNATNDD
BLI,AIRPORT,07/25,4961,150,TURF-P,0.0,0.0,0.0,0.0,UNATNDD
BFI,AIRPORT,H1,40,40,CONC,0.0,0.0,0.0,0.0,UNATNDD
DEW,AIRPORT,01/19,3666,40,ASPH-G,0.0,0.0,0.0,0.0,NOV-MAR/ALL/0400-2100
SFF,AIRPORT,08/26,2307,30,DIRT-F,0.0,0.0,0.0,0.0,UNATNDD
FHR,AIRPORT,11/29,4099,75,ASPH-F,12.0,0.0,0.0,0.0,UNATNDD
MWH,AIRPORT,16/34,2815,45,TURF-F,0.0,0.0,0.0,0.0,UNATNDD
TCM,AIRPORT,09/27,600,50,TURF,0.0,0.0,0.0,0.0,UNATNDD
S52,AIRPORT,17/35,2250,100,TURF,0.0,0.0,0.0,0.0,UNATNDD
OLM,AIRPORT,18/36,1950,50,TURF-F,0.0,0.0,0.0,0.0,UNATNDD
EAT,AIRPORT,H2,75,75,CONC,0.0,0.0,0.0,0.0,UNATNDD
VUO,AIRPORT,H1,45,45,CONC,0.0,0.0,0.0,0.0,UNATNDD
PUW,AIRPORT,H1,60,60,CONC,0.0,0.0,0.0,0.0,UNATNDD
RNT,AIRPORT,H1,25,25,CONC,0.0,0.0,0.0,0.0,"ALL/MON, WED & FRI/2100Z-0100Z"
BVS,AIRPORT,H1,40,40,ASPH-G,0.0,0.0,0.0,0.0,SUMMER/ALL/DALGT
PAE,AIRPORT,H1,100,100,ASPH-CONC-F,0.0,0.0,0.0,0.0,UNATNDD
GEG,AIRPORT,09/27,3700,80,TURF,0.0,0.0,0.0,0.0,UNATNDD
TIW,AIRPORT,07/25,1700,75,TURF,0.0,0.0,0.0,0.0,UNATNDD
PSC,AIRPORT,02/20,1200,60,TURF,0.0,0.0,0.0,0.0,UNATNDD
ALW,AIRPORT,08/26,3000,75,TURF,0.0,0.0,0.0,0.0,UNATNDD
CLM,AIRPORT,14/32,2000,100,TRTD-DIRT,0.0,0.0,0.0,0.0,UNATNDD
YKM,AIRPORT,H1,90,90,CONC-G,20.0,0.0,0.0,0.0,UNATNDD
ATW,AIRPORT,17R/35L,8000,198,PEM-F,0.0,0.0,0.0,0.0,UNATNDD
SUE,AIRPORT,H1,50,50,TURF,0.0,0.0,0.0,0.0,ALL/ALL/SR-SS
GRB,AIRPORT,09/27,2200,75,DIRT,0.0,0.0,0.0,0.0,ALL/ALL/1400-2230Z++ UTC-5(-4DT)
ENW,AIRPORT,12/30,3000,40,ASPH-TURF-F,0.0,0.0,0.0,0.0,No Information
LSE,AIRPORT,18/36,6000,100,CONC-G,70.0,100.0,100.0,0.0,No Information
MWC,AIRPORT,N/S,2650,150,TURF,0.0,0.0,0.0,0.0,No Information
C35,AIRPORT,18/36,2800,100,TURF,0.0,0.0,0.0,0.0,No Information
Y51,AIRPORT,17/35,3924,60,ASPH-G,12.0,0.0,0.0,0.0,No Information
MRB,AIRPORT,18/36,5000,50,TURF,0.0,0.0,0.0,0.0,No Information
I18,AIRPORT,11/29,2270,70,TURF-G,0.0,0.0,0.0,0.0,No Information
46U,AIRPORT,01/19,2500,75,DIRT-G,0.0,0.0,0.0,0.0,No Information
CPR,AIRPORT,H1,50,50,CONC,0.0,0.0,0.0,0.0,No Information
CYS,AIRPORT,01/19,3190,100,TURF-DIRT-F,0.0,0.0,0.0,0.0,No Information
EVW,AIRPORT,H1,15,15,TURF,0.0,0.0,0.0,0.0,No Information
LND,AIRPORT,H1,900,250,CONC-TURF,0.0,0.0,0.0,0.0,No Information
JAC,AIRPORT,H1,54,54,CONC-F,0.0,0.0,0.0,0.0,No Information
LAR,AIRPORT,18/36,1600,75,CONC,0.0,0.0,0.0,0.0,No Information
GCC,AIRPORT,17/35,2300,60,TURF,0.0,0.0,0.0,0.0,No Information
SHR,AIRPORT,12/30,4259,100,ASPH,0.0,0.0,0.0,0.0,No Information
SAA,AIRPORT,12/30,2600,150,TURF,0.0,0.0,0.0,0.0,No Information
GEY,AIRPORT,03W/21W,4495,653,WATER,0.0,0.0,0.0,0.0,No Information
RKS,AIRPORT,H1,70,70,CONC,0.0,0.0,0.0,0.0,No Information
COD,AIRPORT,13/31,8350,150,ASPH,0.0,0.0,0.0,0.0,No Information
CYXX,AIRPORT,17/35,5002,75,ASPH-G,12.0,0.0,0.0,0.0,No Information
MYAF,AIRPORT,H1,35,35,CONC-F,0.0,0.0,0.0,0.0,No Information
MYAM,AIRPORT,H1,40,40,CONC-TRTD-F,0.0,0.0,0.0,0.0,No Information
CYCD,AIRPORT,H1,20,20,CONC,0.0,0.0,0.0,0.0,No Information
CYYF,AIRPORT,12/30,3600,70,TURF,0.0,0.0,0.0,0.0,No Information
CYSU,AIRPORT,01/19,2200,60,TURF,0.0,0.0,0.0,0.0,No Information
CYQT,AIRPORT,H1,40,40,CONC,0.0,0.0,0.0,0.0,No Information
CZBB,AIRPORT,H1,50,50,CONC,0.0,0.0,0.0,0.0,No Information
CYVR,AIRPORT,H1,30,30,CONC,0.0,0.0,0.0,0.0,No Information
CYYJ,AIRPORT,N/S,2150,100,TURF,0.0,0.0,0.0,0.0,No Information
CYXY,AIRPORT,H1,45,45,CONC,0.0,0.0,0.0,0.0,No Information
