TailNumbers,reg_owner_name,model,type_aircraft,manufacturing_name,state,category,Aircraft_Age,LandingGear
N32AL,AERO AIR LLC,690A,Fixed Wing Multi-Engine,ROCKWELL INTERNATIONAL,OREGON,Normal,47,S
N542LM,AERO AIR LLC,35A,Fixed Wing Multi-Engine,LEARJET INC,OREGON,Transport,43,D
N543LM,MARKLYN JET PARTS LLC,35A,Fixed Wing Multi-Engine,GATES LEARJET CORP.,TEXAS,Transport,42,D
N545LM,AERO AIR LLC,B200,Fixed Wing Multi-Engine,BEECH,OREGON,Normal,41,D
N546LM,AERO AIR LLC,B200,Fixed Wing Multi-Engine,BEECH,OREGON,Normal,38,D
N548LM,AERO AIR LLC,31A,Fixed Wing Multi-Engine,LEARJET INC,OREGON,Transport,31,D
N724DE,AERO AIR LLC,SR22,Fixed Wing Single-Engine,CIRRUS DESIGN CORP,OREGON,Normal,19,S
N406AS,AERO LEASING INC,407,Rotorcraft,BELL,OREGON,Normal,21,
N1546H,AERO SPRAY INC,AT-802A,Fixed Wing Single-Engine,AIR TRACTOR INC,MINNESOTA,"Forest, Agriculture and Pest Control",31,S
N717DA,AERO SPRAY INC,AT-802A,Fixed Wing Single-Engine,AIR TRACTOR INC,MINNESOTA,"Forest, Agriculture and Pest Control",15,S
N779DA,AERO SPRAY INC,AT-802A,Fixed Wing Single-Engine,AIR TRACTOR INC,MINNESOTA,"Forest, Agriculture and Pest Control",5,S
N10122,AERO SPRAY INC,AT-802A,Fixed Wing Single-Engine,AIR TRACTOR INC,MINNESOTA,"Forest, Agriculture and Pest Control",10,S
N80166,AERO SPRAY INC DBA,AT-802A,Fixed Wing Single-Engine,AIR TRACTOR INC,MINNESOTA,"Forest, Agriculture and Pest Control",6,S
N4756E,AERO SPRAY INC DBA,A185F,Fixed Wing Single-Engine,CESSNA,MINNESOTA,Normal,44,
N212FB,AERO SPRAY INC DBA,AT-802A,Fixed Wing Single-Engine,AIR TRACTOR INC,MINNESOTA,Agriculture and Pest Control,13,S
N12DA,AERO SPRAY INC DBA,AT-802,Fixed Wing Single-Engine,AIR TRACTOR INC,MINNESOTA,"Forest, Agriculture and Pest Control",5,
N825DA,AERO SPRAY INC DBA,AT-802A,Fixed Wing Single-Engine,AIR TRACTOR INC,MINNESOTA,"Forest, Agriculture and Pest Control",5,S
N3083R,AERO SPRAY INC DBA,AT-802A,Fixed Wing Single-Engine,AIR TRACTOR INC,MINNESOTA,"Forest, Agriculture and Pest Control",8,S
N3072Y,AERO SPRAY INC DBA,AT-802A,Fixed Wing Single-Engine,AIR TRACTOR INC,MINNESOTA,"Forest, Agriculture and Pest Control",8,S
N802DA,AERO SPRAY INC DBA,AT-802A,Fixed Wing Single-Engine,AIR TRACTOR INC,MINNESOTA,"Forest, Agriculture and Pest Control",3,S
N846DA,AERO SPRAY INC DBA,AT-802A,Fixed Wing Single-Engine,AIR TRACTOR INC,MINNESOTA,"Forest, Agriculture and Pest Control",3,S
N6159F,AERO SPRAY INC DBA DAUNTLESS AIR,AT-802A,Fixed Wing Single-Engine,AIR TRACTOR INC,MINNESOTA,"Forest, Agriculture and Pest Control",27,S
N85PP,AERO TECH LLC,212,Rotorcraft,BELL,NEW MEXICO,"Forest,Aerial Advertising, Agriculture and Pest Control",38,
N20AT,AERO TECH LLC,369FF,Rotorcraft,MCDONNELL DOUGLAS HELI CO,NEW MEXICO,Agriculture and Pest Control,29,
N20PF,AERO TECH LLC,212,Rotorcraft,BELL,NEW MEXICO,"Forest,Aerial Advertising, Agriculture and Pest Control",33,
N2642Y,AERO TECH LLC,T310R,Fixed Wing Multi-Engine,CESSNA,NEW MEXICO,None,No information,S
N34TP,AERO TECH LLC,407,Rotorcraft,BELL HELICOPTER TEXTRON CANADA,NEW MEXICO,Normal,8,
N50ZZ,AERO TECH LLC,PC-6/B2-H4,Fixed Wing Single-Engine,PILATUS,NEW MEXICO,Normal,48,
N525AM,AERO TECH LLC,525,Fixed Wing Multi-Engine,CESSNA,NEW MEXICO,Normal,19,
N79RR,AERO TECH LLC,KODIAK 100,Fixed Wing Single-Engine,QUEST AIRCRAFT COMPANY LLC,NEW MEXICO,Transport,10,S
N13484,AERO-FLITE CORP,177B,Fixed Wing Single-Engine,CESSNA,TENNESSEE,Utility,47,
N385AC,AERO-FLITE INC,CL-215-6B11 (CL-415),Fixed Wing Multi-Engine,BOMBARDIER INC,WASHINGTON,Forest,8,
N389AC,AERO-FLITE INC,CL-215-6B11 (CL-415),Fixed Wing Multi-Engine,BOMBARDIER INC,WASHINGTON,Forest,10,
N416AC,AERO-FLITE INC,AVRO 146-RJ85A,Fixed Wing Multi-Engine,BRITISH AEROSPACE,WASHINGTON,Forest,24,
N635AC,AERO-FLITE INC,AVRO 146-RJ85A,Fixed Wing Multi-Engine,BRITISH AEROSPACE,WASHINGTON,Forest,25,
N374AC,AERO-FLITE INC,AVRO 146-RJ85A,Fixed Wing Multi-Engine,BRITISH AEROSPACE,WASHINGTON,Forest,28,
N355AC,AERO-FLITE INC,AVRO 146-RJ85A,Fixed Wing Multi-Engine,BAE SYSTEMS PLC,WASHINGTON,Forest,27,
N839AC,AERO-FLITE INC,AVRO 146-RJ85A,Fixed Wing Multi-Engine,BAE SYSTEMS PLC,WASHINGTON,Forest,28,
N175AC,AERO-FLITE INC,PC-12/45,Fixed Wing Single-Engine,PILATUS AIRCRAFT LTD,WASHINGTON,Normal,19,
N476DF,AIR METHODS CORP,S-70I,Rotorcraft,SIKORSKY,COLORADO,Research and Development,3,
N923AU,AIRSTRIKE FIREFIGHTERS LLC,P3A,Fixed Wing Multi-Engine,AERO UNION CORP,CALIFORNIA,Forest,No information,
N917AU,AIRSTRIKE FIREFIGHTERS LLC,P-3A,Fixed Wing Multi-Engine,LOCKHEED,CALIFORNIA,Forest,No information,
N921AU,AIRSTRIKE FIREFIGHTERS LLC,P3A,Fixed Wing Multi-Engine,AERO UNION CORP,CALIFORNIA,Forest,No information,
N763AE,AMERICAN HELICOPTERS LLC,AS350B3,Rotorcraft,AMERICAN EUROCOPTER CORP,WASHINGTON,Normal,9,
N96EC,AV8-ORR HELICOPTER SERVICES INC,UH-1H,Rotorcraft,BELL,MONTANA,Other,55,
N242BH,B3 CONSULTANTS LLC,206L-1,Rotorcraft,BELL HELICOPTER TEXTRON,DELAWARE,Normal,43,
N366AC,BANK OF UTAH TRUSTEE,AVRO 146-RJ85A,Fixed Wing Multi-Engine,BRITISH AEROSPACE,UTAH,Forest,27,
N746H,BANK OF UTAH TRUSTEE,214ST,Rotorcraft,BELL,UTAH,Transport,32,
N325AC,BANK OF UTAH TRUSTEE,AVRO 146-RJ85A,Fixed Wing Multi-Engine,BRITISH AEROSPACE,UTAH,Forest,23,
N398AS,BANK OF UTAH TRUSTEE,AT-802A,Fixed Wing Single-Engine,AIR TRACTOR INC,UTAH,"Forest, Agriculture and Pest Control",9,S
N379AS,BANK OF UTAH TRUSTEE,AT-802A,Fixed Wing Single-Engine,AIR TRACTOR INC,UTAH,"Forest, Agriculture and Pest Control",8,S
N376AS,BANK OF UTAH TRUSTEE,AT-802A,Fixed Wing Single-Engine,AIR TRACTOR INC,UTAH,"Forest, Agriculture and Pest Control",8,S
N804AS,BANK OF UTAH TRUSTEE,AT-802A,Fixed Wing Single-Engine,AIR TRACTOR INC,UTAH,"Forest, Agriculture and Pest Control",5,S
N776AS,BANK OF UTAH TRUSTEE,AT-802A,Fixed Wing Single-Engine,AIR TRACTOR INC,UTAH,"Forest, Agriculture and Pest Control",7,S
N603AX,BC AIRCRAFT LEASING LLC,DC-10-30,Fixed Wing Multi-Engine,MCDONNELL-DOUGLAS,NEW MEXICO,None,No information,
N522AX,BC AIRCRAFT LEASING LLC,DC-10-30,Fixed Wing Multi-Engine,MCDONNELL-DOUGLAS,NEW MEXICO,Transport,35,
N17085,BC AIRCRAFT LEASING LLC,DC-10-30,Fixed Wing Multi-Engine,MCDONNELL-DOUGLAS,NEW MEXICO,Transport,48,
N612AX,BC AIRCRAFT LEASING LLC,DC-10-30,Fixed Wing Multi-Engine,MCDONNELL-DOUGLAS,NEW MEXICO,None,No information,
N132BH,BHI FOUR LLC,AS 350 B3,Rotorcraft,EUROCOPTER,FLORIDA,Normal,16,
N31BH,BHI HELICOPTERS INC,AS350B3,Rotorcraft,AMERICAN EUROCOPTER CORP,OREGON,Normal,12,
N168BH,BHI HOLDINGS #1 LLC,AS 350B3,Rotorcraft,AIRBUS HELICOPTERS,OREGON,None,5,
N361AL,BILLINGS FLYING SERVICE,206L-3,Rotorcraft,BELL,MONTANA,Normal,36,
N562AJ,BILLINGS FLYING SERVICE INC,CH-47D,Rotorcraft,BILLINGS FLYING SERVICE INC,MONTANA,"Other,Forest, Agriculture and Pest Control",33,
N561AJ,BILLINGS FLYING SERVICE INC,CH-47D,Rotorcraft,BILLINGS FLYING SERVICE INC,MONTANA,Crew Training,33,
N404AJ,BILLINGS FLYING SERVICE INC,CH-47D,Rotorcraft,BILLINGS FLYING SERVICE INC,MONTANA,"Other,Forest, Agriculture and Pest Control",31,
N405AJ,BILLINGS FLYING SERVICE INC,CH-47D,Rotorcraft,BILLINGS FLYING SERVICE INC,MONTANA,"Other,Forest, Agriculture and Pest Control",31,
N10AJ,BILLINGS FLYING SERVICE INC,206B,Rotorcraft,BELL,MONTANA,Normal,43,
N227AJ,BILLINGS FLYING SERVICE INC,CH-47D,Rotorcraft,BOEING,MONTANA,None,No information,
N233AJ,BILLINGS FLYING SERVICE INC,UH-60A,Rotorcraft,SIKORSKY,MONTANA,"Other,Forest, Agriculture and Pest Control",41,
N2619,BILLINGS FLYING SERVICE INC,206L-3,Rotorcraft,BELL,MONTANA,Normal,33,
N303AJ,BILLINGS FLYING SERVICE INC,CH-47D,Rotorcraft,BOEING,MONTANA,"Other,Forest, Agriculture and Pest Control",34,
N401AJ,BILLINGS FLYING SERVICE INC,CH-47D,Rotorcraft,BILLINGS FLYING SERVICE INC,MONTANA,"Other,Forest, Agriculture and Pest Control",30,
N46474,BILLINGS FLYING SERVICE INC,172K,Fixed Wing Single-Engine,CESSNA,MONTANA,None,No information,S
N559AJ,BILLINGS FLYING SERVICE INC,PC-12/45,Fixed Wing Single-Engine,PILATUS,MONTANA,Normal,28,
N588AJ,BILLINGS FLYING SERVICE INC,CH-47D,Rotorcraft,BOEING,MONTANA,"Other,Forest, Agriculture and Pest Control",31,
N62DB,BILLINGS FLYING SERVICE INC,DHC 2 MK III,Fixed Wing Single-Engine,DEHAVILLAND,MONTANA,Normal,58,
N82PG,BILLINGS FLYING SERVICE INC,PA-42,Fixed Wing Multi-Engine,PIPER,MONTANA,Normal,42,S
N85GB,BILLINGS FLYING SERVICE INC,B200,Fixed Wing Multi-Engine,RAYTHEON AIRCRAFT COMPANY,MONTANA,Normal,27,D
N95AD,BILLINGS FLYING SERVICE INC,UH-1H,Rotorcraft,BELL,MONTANA,None,No information,
N612TA,BLACKBIRD LLC,212,Rotorcraft,BELL,CALIFORNIA,Normal,49,
N197GB,BLUE SPRUCE MANAGEMENT LLC,690A,Fixed Wing Multi-Engine,ROCKWELL INTERNATIONAL,OREGON,Normal,48,S
N807NZ,BOARDMAN AIR SERVICE LLC,AT-802A,Fixed Wing Single-Engine,AIR TRACTOR INC,NEBRASKA,"Forest, Agriculture and Pest Control",6,S
N9FH,BRAINERD HELICOPTERS INC,UH-60A,Rotorcraft,BHI H60 HELICOPTERS LLC,FLORIDA,Exhibition,42,
N485DF,CALIFORNIA DEPT OF FORESTRY & FIRE PROTECTION,S-70I,Rotorcraft,SIKORSKY,CALIFORNIA,None,No information,
N483DF,CALIFORNIA DEPT OF FORESTRY & FIRE PROTECTION,S-70I,Rotorcraft,SIKORSKY,CALIFORNIA,Research and Development,5,
N482DF,CALIFORNIA DEPT OF FORESTRY AND FIRE PROTECTION,S-70I,Rotorcraft,SIKORSKY,CALIFORNIA,Research and Development,3,
N480DF,CALIFORNIA DEPT OF FORESTRY AND FIRE PROTECTION,S-70I,Rotorcraft,SIKORSKY,CALIFORNIA,Research and Development,4,
N477DF,CALIFORNIA DEPT OF FORESTRY AND FIRE PROTECTION,S-70I,Rotorcraft,SIKORSKY,CALIFORNIA,Research and Development,3,
N115,CENTRAL COPTERS INC,HH-60L,Rotorcraft,SIKORSKY,MONTANA,Research and Development,19,
N314,CENTRAL COPTERS INC,K-1200,Rotorcraft,KAMAN AEROSPACE CORP,MONTANA,Normal,22,
N950CH,CHI AVIATION,CH47D,Rotorcraft,TANDEM ROTOR LLC,MICHIGAN,"Other,Forest, Agriculture and Pest Control",30,
N422DE,CIBOLO CREEK AVIATION LLC,A75N1,Fixed Wing Single-Engine,BOEING,TEXAS,Acrobatic,81,
N305FD,CITY OF LOS ANGELES,AW139,Rotorcraft,AGUSTA SPA,CALIFORNIA,Transport,15,
N304FD,CITY OF LOS ANGELES,AW139,Rotorcraft,AGUSTAWESTLAND PHILADELPHIA,CALIFORNIA,Transport,6,
N12NP,CITY OF NEWARK,OH-58,Rotorcraft,BELL,NEW JERSEY,None,No information,
N12NP,CITY OF NEWARK,OH-58,Rotorcraft,BELL,NEW JERSEY,None,No information,
N282SD,CITY OF SAN DIEGO,412EP,Rotorcraft,BELL,CALIFORNIA,Transport,15,
N803NZ,CO FIRE AVIATION INC,AT-802A,Fixed Wing Single-Engine,AIR TRACTOR INC,COLORADO,"Forest, Agriculture and Pest Control",7,S
N809NZ,CO FIRE AVIATION INC,AT-802A,Fixed Wing Single-Engine,AIR TRACTOR INC,COLORADO,"Forest, Agriculture and Pest Control",4,S
N310NZ,CO FIRE AVIATION INC,310N,Fixed Wing Multi-Engine,CESSNA,COLORADO,Normal,55,
N804NZ,CO FIRE AVIATION INC,AT-802A,Fixed Wing Single-Engine,AIR TRACTOR INC,COLORADO,"Forest, Agriculture and Pest Control",6,S
N806NZ,CO FIRE AVIATION INC,AT-802A,Fixed Wing Single-Engine,AIR TRACTOR INC,COLORADO,"Forest, Agriculture and Pest Control",5,S
N881GB,CO FIRE AVIATION INC,GB1 GAMEBIRD,Fixed Wing Single-Engine,GAME COMPOSITES LLC,COLORADO,Market Survey,4,S
N239CH,COLUMBIA HELICOPTERS INC,234,Rotorcraft,BOEING-VERTOL,OREGON,Transport,42,
N471CH,COLUMBIA HELICOPTERS INC,CH-47D,Rotorcraft,COLUMBIA HELICOPTERS INC,OREGON,"Other,Forest",32,
N472CH,COLUMBIA HELICOPTERS INC,CH-47D,Rotorcraft,COLUMBIA HELICOPTERS INC,OREGON,"Other,Forest",33,
N245CH,COLUMBIA HELICOPTERS INC,234,Rotorcraft,BOEING-VERTOL,OREGON,Transport,40,
N473CH,COLUMBIA HELICOPTERS INC,CH-47D,Rotorcraft,COLUMBIA HELICOPTERS INC,OREGON,"Other,Forest",30,
N111NS,COLUMBIA HELICOPTERS INC,200C,Fixed Wing Multi-Engine,BEECH,OREGON,Normal,42,
N822LA,CONSOLIDATED FIRE PROTECTION DIST OF LOS ANGELES,S-70I,Rotorcraft,SIKORSKY,CALIFORNIA,Market Survey,6,
N905CH,CONSTRUCTION HELICOPTERS INC,S-61N,Rotorcraft,SIKORSKY,MICHIGAN,None,No information,
N160AQ,CORMORANT VENTURE LLC,UH-60A,Rotorcraft,SIKORSKY,CALIFORNIA,"Racing,Market Survey, Research and Development",41,
N297EA,CORSAIR TWO LLC,DC-9-87,Fixed Wing Multi-Engine,MCDONNELL DOUGLAS,OREGON,Transport,32,
N295EA,CORSAIR TWO LLC,DC-9-87,Fixed Wing Multi-Engine,MCDONNELL DOUGLAS,OREGON,Transport,32,
N294EA,CORSAIR TWO LLC,DC-9-87,Fixed Wing Multi-Engine,MCDONNELL DOUGLAS,OREGON,Transport,32,
N293EA,CORSAIR TWO LLC,DC-9-87 (MD-87),Fixed Wing Multi-Engine,MCDONNELL DOUGLAS,OREGON,Transport,32,
N292EA,CORSAIR TWO LLC,DC-9-87,Fixed Wing Multi-Engine,MCDONNELL DOUGLAS,OREGON,Transport,32,
N291EA,CORSAIR TWO LLC,DC-9-87,Fixed Wing Multi-Engine,MCDONNELL DOUGLAS,OREGON,Transport,32,
N212TH,COUGAR AVIATION LLC,212,Rotorcraft,BELL,CALIFORNIA,"Forest, Aerial Advertising, Agriculture and Pest Control",43,
N261CG,DELAWARE TRUST CO TRUSTEE,S-61N,Rotorcraft,SIKORSKY,DELAWARE,Transport,38,
N1200N,COULSON AVIATION (USA) INC,550,Fixed Wing Multi-Engine,CESSNA,OREGON,Other,31,
N550CG,DELAWARE TRUST CO TRUSTEE,550,Fixed Wing Multi-Engine,CESSNA,DELAWARE,Other,32,
N552CG,DELAWARE TRUST CO TRUSTEE,550,Fixed Wing Multi-Engine,CESSNA,DELAWARE,"Other, Aerial Advertising, Agriculture and Pest Control",32,
N554CG,COULSON AVIATION (USA) INC,550,Fixed Wing Multi-Engine,CESSNA,OREGON,"Other, Aerial Advertising, Agriculture and Pest Control",31,
N604CG,COULSON AVIATION (USA) INC,CL-600 CHALLENGER,Fixed Wing Multi-Engine,CANADAIR LTD,OREGON,Transport,41,
N76CG,DELAWARE TRUST CO TRUSTEE,S-76B,Rotorcraft,SIKORSKY,DELAWARE,Transport,34,
N140CG,COULSON AVIATION USA INC,C-130H,Fixed Wing Multi-Engine,LOCKHEED,OREGON,None,No information,2S
N132CG,DELAWARE TRUST COMPANY TRUSTEE,C-130H,Fixed Wing Multi-Engine,LOCKHEED,DELAWARE,"Other,Forest",55,2S
N130CG,COULSON AVIATION USA INC,C-130H,Fixed Wing Multi-Engine,LOCKHEED,OREGON,None,No information,2S
N471WR,COULSON AVIATION USA INC,S-61N,Rotorcraft,SIKORSKY,OREGON,Transport,54,
N476AW,COULSON AVIATION USA INC,S-61N,Rotorcraft,SIKORSKY,OREGON,None,No information,
N745AW,COULSON AVIATION USA INC,S-61N,Rotorcraft,SIKORSKY,OREGON,None,No information,
N120LA,COUNTY OF LOS ANGELES FIRE DEPT,412EP,Rotorcraft,BELL HELICOPTER TEXTRON CANADA,CALIFORNIA,Transport,16,
N449RC,COUNTY OF SAN DIEGO,205A-1,Rotorcraft,BELL,CALIFORNIA,"Other,Aerial Adversiting, Agriculture and Pest Control",50,
N549RL,COUNTY OF SAN DIEGO,205A-1,Rotorcraft,BELL,CALIFORNIA,Transport,48,
N107BZ,COUNTY OF SAN DIEGO,205A-1,Rotorcraft,BELL,CALIFORNIA,Transport,55,
N611CK,CROMAN CORP,SH-3H,Rotorcraft,CROMAN CORP,OREGON,"Other,Forest, Agriculture and Pest Control",62,
N612CK,CROMAN CORP,SH-3H,Rotorcraft,CROMAN CORP,OREGON,Other,61,
N613CK,CROMAN CORP,SH-3H,Rotorcraft,CROMAN CORP,OREGON,"Patrolling,Aerial Surveying,Other, Agriculture and Pest Control",58,
N624CK,CROMAN CORP,S-61A,Rotorcraft,SIKORSKY,OREGON,"Aerial Surveying,Other,Forest",59,
N1043T,CROMAN CORP,S-61A,Rotorcraft,SIKORSKY,OREGON,Other,62,
N1048Y,CROMAN CORP,S-61A,Rotorcraft,SIKORSKY,OREGON,"Aerial Surveying,Other",62,
N386AC,DELAWARE TRUST CO TRUSTEE,CL-215-6B11 (CL-415),Fixed Wing Multi-Engine,BOMBARDIER INC,DELAWARE,Forest,8,
N392AC,DELAWARE TRUST CO TRUSTEE,CL-215-6B11 (CL-415),Fixed Wing Multi-Engine,BOMBARDIER INC,DELAWARE,Forest,9,
N138CG,DELAWARE TRUST CO TRUSTEE,737-3H4,Fixed Wing Multi-Engine,BOEING,DELAWARE,Transport,28,
N137CG,DELAWARE TRUST CO TRUSTEE,737-3H4,Fixed Wing Multi-Engine,BOEING,DELAWARE,Transport,28,
N161CG,DELAWARE TRUST CO TRUSTEE,S-61N,Rotorcraft,SIKORSKY,DELAWARE,Transport,55,
N213KA,DELAWARE TRUST CO TRUSTEE,212,Rotorcraft,BELL,DELAWARE,Transport,42,
N131CG,DELAWARE TRUST CO TRUSTEE,EC130Q,Fixed Wing Multi-Engine,LOCKHEED,DELAWARE,"Other,Forest",43,
N619SW,DELAWARE TRUST COMPANY TRUSTEE,737-3H4,Fixed Wing Multi-Engine,BOEING,DELAWARE,Transport,28,
N149FC,DEPARTMENT OF AGRICULTURE AND CONSUMER SERVICES,182T,Fixed Wing Single-Engine,TEXTRON AVIATION INC,FLORIDA,Normal,6,S
N153FC,DEPARTMENT OF AGRICULTURE AND CONSUMER SERVICES,182T,Fixed Wing Single-Engine,CESSNA,FLORIDA,Normal,17,S
N158FC,DEPT OF AGRICULTURE & CONSUMER SERVICES,182T,Fixed Wing Single-Engine,CESSNA,FLORIDA,Normal,15,S
N178AC,ERICKSON INC,S-64F,Rotorcraft,SIKORSKY,OREGON,Transport,52,
N217AC,ERICKSON INC,S64E,Rotorcraft,ERICKSON,OREGON,"Other,Aerial Adversiting, Agriculture and Pest Control",55,
N400DS,FLYING H ENTERPRISES LLC,690B,Fixed Wing Multi-Engine,ROCKWELL INTERNATIONAL,ARIZONA,None,45,S
N83FJ,FX SOLUTIONS INC,FALCON 50,Fixed Wing Multi-Engine,DASSAULT-BREGUET,MONTANA,Transport,42,D
N508JR,GARRISON WILLIAM E JR,S2F-1 (TS-2A),Fixed Wing Multi-Engine,GRUMMAN,KANSAS,None,No information,
N803RA,ARSIERO AIR LLC,K-1200,Rotorcraft,KAMAN AEROSPACE CORP,IDAHO,None,No information,
N357KA,HELI 807 LEASING LLC,K-1200,Rotorcraft,KAMAN AEROSPACE CORP,ALASKA,Normal,22,
N402PJ,HELIBRO LLC,407,Rotorcraft,BELL,CALIFORNIA,"Normal,Aerail Advertising",26,
N32AT,HELIBRO LLC,407,Rotorcraft,BELL HELICOPTER TEXTRON CANADA,CALIFORNIA,"Agriculture and Pest Control, Aerial Advertising, Agriculture and Pest Control",13,
N448JS,HELICARRIER USA INC,S-61N,Rotorcraft,SIKORSKY,DELAWARE,Transport,55,
N40HX,HELICOPTER EXPRESS INC,K-1200,Rotorcraft,KAMAN AEROSPACE CORP,GEORGIA,Normal,4,
N16HX,HELICOPTER EXPRESS INC,205A-1,Rotorcraft,BELL,GEORGIA,Transport,44,
N1168U,HELI-FLITE INC,S-58ET,Rotorcraft,SIKORSKY,CALIFORNIA,Normal,65,
N947CH,HELIGROUP FIRE LLC,CH47D,Rotorcraft,TANDEM ROTOR LLC,MONTANA,"Other,Forest, Agriculture and Pest Control",33,
N949CH,HELIGROUP FIRE LLC,CH47D,Rotorcraft,TANDEM ROTOR LLC,MONTANA,"Other,Forest, Agriculture and Pest Control",33,
N948CH,HELIGROUP FIRE LLC,CH47D,Rotorcraft,TANDEM ROTOR LLC,MONTANA,"Other,Forest, Agriculture and Pest Control",33,
N8286,HIGH PERFORMANCE HELICOPTERS CORP,UH-60A,Rotorcraft,SIKORSKY,CALIFORNIA,"Other,Forest, Agriculture and Pest Control",44,
N407MC,HILLSBORO AVIATION INC,407,Rotorcraft,BELL HELICOPTER TEXTRON CANADA,OREGON,Normal,18,
N804KP,HOG AIR AVIATION INC,AT-802A,Fixed Wing Single-Engine,AIR TRACTOR INC,ARKANSAS,"Forest, Agriculture and Pest Control",10,S
N804RX,HOG AIR AVIATION INC,AT-802A,Fixed Wing Single-Engine,AIR TRACTOR INC,ARKANSAS,"Forest, Agriculture and Pest Control",4,S
N895MA,HOMETOWNE BUILDINGS & TRAILERS LLC,MU-2B-36A,Fixed Wing Multi-Engine,MITSUBISHI,TENNESSEE,Normal,No information,
N419FF,PLANTERS AIR SERVICE INC,AT-802A,Fixed Wing Single-Engine,AIR TRACTOR INC,MISSISSIPPI,"Forest, Agriculture and Pest Control",19,S
N121TG,INTERNATIONAL AIR RESPONSE,C-130A,Fixed Wing Multi-Engine,LOCKHEED,ARIZONA,"Patrolling,Aerial Surveying,Other, Agriculture and Pest Control",67,
N117TG,INTERNATIONAL AIR RESPONSE INC,C-130A,Fixed Wing Multi-Engine,LOCKHEED,ARIZONA,"Other,Patrolling,Forest, Agriculture and Pest Control",69,
N118TG,INTERNATIONAL AIR RESPONSE INC,C-130A,Fixed Wing Multi-Engine,LOCKHEED,ARIZONA,"Other,Patrolling,Forest, Agriculture and Pest Control",66,
N120TG,INTERNATIONAL AIR RESPONSE INC,C-130A,Fixed Wing Multi-Engine,LOCKHEED,ARIZONA,"Patrolling,Aerial Surveying,Other, Agriculture and Pest Control",68,
N83BH,JAMBB LLC,EH-60A,Rotorcraft,SIKORSKY,CALIFORNIA,Forest,36,
N528NR,MINNESOTA DEPARTMENT OF NATURAL RESOURCES,KODIAK 100,Fixed Wing Single-Engine,KODIAK AIRCRAFT CO INC,MINNESOTA,Normal,1,S
N58468,LONG-LINE LEASING LLC,UH-1H,Rotorcraft,WESTERN INTERNATIONAL AVIA INC,UTAH,"Carriage of Cargo,Forest, Agriculture and Pest Control",52,
N302FD,LOS ANGELES CITY,AW139,Rotorcraft,AGUSTA AEROSPACE CORP,CALIFORNIA,Transport,12,
N405LC,LYNDEN AIR CARGO LLC,382G,Fixed Wing Multi-Engine,LOCKHEED,ALASKA,"Other, Agriculture and Pest Control, Aerial Advertising",38,
N69TP,MCCARLEY BRIAN,500N,Rotorcraft,MCDONNELL DOUGLAS HELICOPTER,TEXAS,Normal,29,
N4247V,MIDWEST TRUXTON INTERNATIONAL INC,S-58JT,Rotorcraft,SIKORSKY,ILLINOIS,Transport,No information,
N402MA,MINUTEMAN AVIATION INC,407,Rotorcraft,BELL HELICOPTER TEXTRON CANADA,MONTANA,Normal,15,
N526MW,MOUNTAIN WEST HELICOPTERS LLC,K-1200,Rotorcraft,KAMAN AEROSPACE CORP,UTAH,Normal,29,
N21CG,N21CG LEASING LLC,B200,Fixed Wing Multi-Engine,BEECH,OKLAHOMA,Normal,34,D
N353RC,N353RC LLC,UH-1H,Rotorcraft,BELL,WASHINGTON,"Other,Forest, Agriculture and Pest Control",No information,
N477NA,NEPTUNE AVIATION SERVICES,BAE 146 SERIES 200A,Fixed Wing Multi-Engine,BRITISH AEROSPACE,MONTANA,Transport,35,D
N122HP,NEPTUNE AVIATION SERVICES,P2V-7,,LOCKHEED,,None,No information,
N128HP,NEPTUNE AVIATION SERVICES,P2V-7,,LOCKHEED,,None,No information,
N2216S,NEPTUNE AVIATION SERVICES,P2V-7,,LOCKHEED,,None,No information,
N2218Q,NEPTUNE AVIATION SERVICES,P2V-7,,LOCKHEED,,None,No information,
N471NA,NEPTUNE AVIATION SERVICES INC,BAE 146 SERIES 200,Fixed Wing Multi-Engine,BRITISH AEROSPACE,MONTANA,None,No information,D
N470NA,NEPTUNE AVIATION SERVICES INC,BAE 146 SERIES 200A,Fixed Wing Multi-Engine,BRITISH AEROSPACE,MONTANA,Transport,37,D
N478NA,NEPTUNE AVIATION SERVICES INC,BAE 146 SERIES 200A,Fixed Wing Multi-Engine,BRITISH AEROSPACE,MONTANA,Transport,36,D
N476NA,NEPTUNE AVIATION SERVICES INC,BAE 146,Fixed Wing Multi-Engine,BRITISH AEROSPACE,MONTANA,Transport,32,D
N472NA,NEPTUNE AVIATION SERVICES INC,BAE 146 SERIES 200A,Fixed Wing Multi-Engine,BRITISH AEROSPACE,MONTANA,Transport,34,D
N475NA,NEPTUNE AVIATION SERVICES INC,BAE 146,Fixed Wing Multi-Engine,BRITISH AEROSPACE,MONTANA,Transport,32,D
N474NA,NEPTUNE AVIATION SERVICES INC,BAE 146 SERIES 200A,Fixed Wing Multi-Engine,BRITISH AEROSPACE,MONTANA,Normal,No information,D
N473NA,NEPTUNE AVIATION SERVICES INC,BAE 146 SERIES 200A,Fixed Wing Multi-Engine,BRITISH AEROSPACE,MONTANA,Transport,38,D
N1386C,NEPTUNE AVIATION SERVICES INC,P2V-5,Fixed Wing Multi-Engine,LOCKHEED,MONTANA,Forest,69,
N2218E,NEPTUNE AVIATION SERVICES INC,P2V-7,,LOCKHEED,,None,No information,
N301TS,NEPTUNE AVIATION SERVICES INC,B100,Fixed Wing Multi-Engine,BEECH,MONTANA,Normal,44,D
N410NA,NEPTUNE AVIATION SERVICES INC,P2V-5F,Fixed Wing Multi-Engine,LOCKHEED,MONTANA,Forest,69,
N480NA,NEPTUNE AVIATION SERVICES INC,BAE 146 SERIES 200A,Fixed Wing Multi-Engine,BRITISH AEROSPACE,MONTANA,None,No information,D
N485AS,NEPTUNE AVIATION SERVICES INC,FALCON 10,Fixed Wing Multi-Engine,DASSAULT-BREGUET,MONTANA,Transport,35,D
N110NW,OLYMPIC JET INC,UH-1H,Rotorcraft,BELL,WASHINGTON,"Other,Forest, Agriculture and Pest Control",57,
N141FA,ORANGE COUNTY FIRE AUTHORITY,412EP,Rotorcraft,BELL HELICOPTER TEXTRON CANADA,CALIFORNIA,Transport,15,
N805PJ,PJ HELICOPTERS INC,UH-60A,Rotorcraft,SIKORSKY,CALIFORNIA,"Other,Forest, Agriculture and Pest Control",45,
N301HP,POPE JIM D,UH-1H,Rotorcraft,BELL,WASHINGTON,"Other,Forest, Agriculture and Pest Control",58,
N170CB,PRECISION LIFT LLC,K-1200,Rotorcraft,KAMAN AEROSPACE CORP,OREGON,Normal,5,
N838PA,RAINIER HELI INTERNATIONAL INC,AS350B3,Rotorcraft,AMERICAN EUROCOPTER CORP,WASHINGTON,Normal,10,
N699RH,RANIER HELI INTERNATIONAL INC,K-1200,Rotorcraft,KAMAN AEROSPACE CORP,WASHINGTON,Normal,29,
N487DF,REGISTRATION PENDING,S-70I,Rotorcraft,SIKORSKY,CALIFORNIA,None,No information,
N486DF,REGISTRATION PENDING,S-70I,Rotorcraft,SIKORSKY,CALIFORNIA,None,No information,
N914RA,RIO GRANDE AEROSPACE LLC,AT-802A,Fixed Wing Single-Engine,AIR TRACTOR INC,TEXAS,"Forest, Agriculture and Pest Control",,
N421DE,RS AVIATION LLC,421C,Fixed Wing Multi-Engine,CESSNA,DELAWARE,Normal,47,S
N3181F,SALMON RIVER HELICOPTERS INC,UH-1F,Rotorcraft,BELL,IDAHO,"Other,Forest, Agriculture and Pest Control",59,
N306SB,SAN BERNARDINO COUNTY SHERIFFS AVIATION DIVISION,UH-1H,Rotorcraft,BELL,CALIFORNIA,None,No information,
N9125M,SILLER HELICOPTERS INC,CH-54A,Rotorcraft,SILLER HELICOPTERS,CALIFORNIA,"Other,Forest, Agriculture and Pest Control",55,
N7095B,SILLER HELICOPTERS INC,CH-54A,Rotorcraft,SILLER HELICOPTERS,CALIFORNIA,"To show compliance with FAR,Racing, Research and Development",29,
N45917,SILLER HELICOPTERS INC,S61V-1,Rotorcraft,SIKORSKY,CALIFORNIA,"Other,Forest",58,
N3173U,SILLER HELICOPTERS INC,S61A,Rotorcraft,CARSON HELICOPTERS / SIKORSKY,CALIFORNIA,"Other,Forest",60,
N4037S,SILLER HELICOPTERS INC,S-64E,Rotorcraft,SIKORSKY,CALIFORNIA,Transport,48,
N461WY,SKY AVIATION CORP,CH-46E,Rotorcraft,BOEING,WYOMING,"Other,Forest, Agriculture and Pest Control",55,
N462WY,SKY AVIATION CORP,CH-46E,Rotorcraft,BOEING,WYOMING,"Aerial Surveying,Other,Forest",53,
N63HB,SKY AVIATION CORP,UH-1H,Rotorcraft,BELL,WYOMING,"Other,Forest, Aerial Surveying",54,
N461DF,STATE OF CALIFORNIA,A200CT,Fixed Wing Multi-Engine,RAYTHEON AIRCRAFT COMPANY,CALIFORNIA,Normal,42,D
N25FG,STATE OF CALIFORNIA,A185F,Fixed Wing Single-Engine,CESSNA,CALIFORNIA,Normal,No information,
N37FG,STATE OF CALIFORNIA,P68OB2,Fixed Wing Multi-Engine,VULCANAIR SPA,CALIFORNIA,"Forest,Aerial Advertising, Agriculture and Pest Control",15,
N459DF,STATE OF CALIFORNIA,A200CT,Fixed Wing Multi-Engine,RAYTHEON AIRCRAFT COMPANY,CALIFORNIA,None,No information,D
N461DF,STATE OF CALIFORNIA,A200CT,Fixed Wing Multi-Engine,RAYTHEON AIRCRAFT COMPANY,CALIFORNIA,Normal,42,D
N463DF,STATE OF CALIFORNIA - CAL FIRE,A200CT,Fixed Wing Multi-Engine,RAYTHEON AIRCRAFT COMPANY,CALIFORNIA,Normal,42,D
N327SF,STATE OF COLORADO,PC-12/45,Fixed Wing Single-Engine,PILATUS,COLORADO,Normal,20,
N328SF,STATE OF COLORADO,PC-12/45,Fixed Wing Single-Engine,PILATUS,COLORADO,Normal,24,
N155FC,STATE OF FLORIDA,182T,Fixed Wing Single-Engine,CESSNA,FLORIDA,Normal,17,S
N735EK,STATE OF NORTH CAROLINA,A185F,Fixed Wing Single-Engine,CESSNA,NORTH CAROLINA,Normal,38,
N800NC,STATE OF NORTH CAROLINA,AT-802,Fixed Wing Single-Engine,AIR TRACTOR INC,NORTH CAROLINA,"Forest, Agriculture and Pest Control",7,
N801NC,STATE OF NORTH CAROLINA,AT-802A,Fixed Wing Single-Engine,AIR TRACTOR INC,NORTH CAROLINA,"Forest, Agriculture and Pest Control",6,S
N605CK,STRAIGHT UP LEASING INC,HH-60L,Rotorcraft,SIKORSKY,OREGON,"Other,Forest, Agriculture and Pest Control",22,
N2773H,SUMMIT HELICOPTERS INC,205A-1,Rotorcraft,BELL,VIRGINIA,"Agriculture and Pest Control, Aerial Advertising, Agriculture and Pest Control",44,
N161KA,SUPERIOR LEASING LLC,K-1200,Rotorcraft,KAMAN AEROSPACE CORP,OREGON,Normal,27,
N312KA,SUPERIOR LEASING LLC,K-1200,Rotorcraft,KAMAN AEROSPACE CORP,OREGON,Normal,26,
N513BT,TAS LJ1798 LLC,C90GT,Fixed Wing Multi-Engine,RAYTHEON AIRCRAFT COMPANY,MISSISSIPPI,None,No information,S
N174ML,TAYLOR AVIATION INC,AT-802A,Fixed Wing Single-Engine,AIR TRACTOR INC,MONTANA,"Forest, Agriculture and Pest Control",20,S
N24HD,TENAX AEROSPACE LLC,B200GT,Fixed Wing Multi-Engine,HAWKER BEECHCRAFT CORP,MISSISSIPPI,Normal,16,
N32EA,TENAX AEROSPACE LLC,B200GT,Fixed Wing Multi-Engine,HAWKER BEECHCRAFT CORP,MISSISSIPPI,Normal,15,
N50HV,TENAX AEROSPACE LLC,B200,Fixed Wing Multi-Engine,RAYTHEON AIRCRAFT COMPANY,MISSISSIPPI,Normal,19,D
N556MC,TENAX AEROSPACE LLC,B200GT,Fixed Wing Multi-Engine,HAWKER BEECHCRAFT CORP,MISSISSIPPI,Normal,16,
N600ML,TENAX AEROSPACE LLC,B200GT,Fixed Wing Multi-Engine,HAWKER BEECHCRAFT CORP,MISSISSIPPI,Normal,14,
N6300F,TENAX AEROSPACE LLC,B200,Fixed Wing Multi-Engine,RAYTHEON AIRCRAFT COMPANY,MISSISSIPPI,None,No information,D
N741JR,TENAX AEROSPACE LLC,B200GT,Fixed Wing Multi-Engine,HAWKER BEECHCRAFT CORP,MISSISSIPPI,Normal,13,
N5AE,TENAX AEROSPACE LLC,B200,Fixed Wing Multi-Engine,RAYTHEON AIRCRAFT COMPANY,MISSISSIPPI,None,No information,D
N33CT,THREE WING FLIGHT SCHOOL LLC,PA-28-181,Fixed Wing Single-Engine,PIPER,CONNECTICUT,"Utility,Normal",46,S
N33CT,THREE WING FLIGHT SCHOOL LLC,PA-28-181,Fixed Wing Single-Engine,PIPER,CONNECTICUT,"Utility,Normal",46,S
N674TH,TIMBERLINE HELICOPTERS INC,K-1200,Rotorcraft,KAMAN AEROSPACE CORP,IDAHO,Normal,19,
N675TH,TIMBERLINE HELICOPTERS INC,K-1200,Rotorcraft,KAMAN AEROSPACE CORP,IDAHO,Normal,25,
N620TJ,TIMBERLINE HELICOPTERS INC,UH-60A,Rotorcraft,TIMBERLINE HELICOPTERS INC,IDAHO,"Other,Forest, Agriculture and Pest Control",41,
N911FS,TUMBLEWEED LEASING COMPANY INC,407,Rotorcraft,BELL,UTAH,Normal,23,
N690RA,TURBO JOE LEASING LLC,690,Fixed Wing Multi-Engine,AERO COMMANDER,ARIZONA,Normal,51,S
N202WM,TVPX AIRCRAFT SOLUTIONS INC TRUSTEE,K-1200,Rotorcraft,KAMAN AEROSPACE CORP,UTAH,Normal,28,
N753,U S DEPARTMENT OF THE INTERIOR,FBA-2C1,Fixed Wing Single-Engine,FOUND ACFT CANADA INC,IDAHO,"Other,Aerial Adversiting, Agriculture and Pest Control",20,
N792HT,U S LEASCO INC,CH-54A,Rotorcraft,AVIATION INTERNATIONAL ROTORS,OREGON,Agriculture and Pest Control,55,
N715HT,U S LEASECO INC,CH-54B,Rotorcraft,HELICOPTER TRANSPORT SERVICES,OREGON,"Other,Forest, Agriculture and Pest Control",54,
N716HT,U S LEASECO INC,CH-54B,Rotorcraft,HELICOPTER TRANSPORT SERVICES,OREGON,"Other,Forest, Agriculture and Pest Control",54,
N718HT,U S LEASECO INC,CH-54B,Rotorcraft,HELICOPTER TRANSPORT SERVICES,OREGON,"Other,Forest, Agriculture and Pest Control",54,
N719HT,U S LEASECO INC,CH-54B,Rotorcraft,SIKORSKY,DELAWARE,"Other,Forest, Agriculture and Pest Control",No information,
N721HT,U S LEASECO INC,CH-54B,Rotorcraft,SIKORSKY,OREGON,"Other,Forest",54,
N793HT,U S LEASECO INC,CH-54A,Rotorcraft,HELICOPTER TRANSPORT SVC LLC,OREGON,"Other,Forest, Agriculture and Pest Control",56,
N795HT,U S LEASECO INC,CH-54A,Rotorcraft,EVERGREEN HELICOPTERS INC,OREGON,"Forest, Agriculture and Pest Control",55,
N47CU,UC HELITANKER 1 LLC,CH-47D,Rotorcraft,BOEING,CALIFORNIA,"Other,Forest, Agriculture and Pest Control",31,
N49CU,UC HELITANKER 1 LLC,CH-47D,Rotorcraft,BOEING,CALIFORNIA,"Other,Forest, Agriculture and Pest Control",30,
N40CU,UC HELITANKER 1 LLC,CH-47D,Rotorcraft,BOEING,CALIFORNIA,"Exhibition, Research and Development",34,
N60CU,UC HELITANKER 1 LLC,UH-60A,Rotorcraft,SIKORSKY,CALIFORNIA,"Other,Forest, Agriculture and Pest Control",43,
N160CD,UC HELITANKER 1 LLC,UH-60A,Rotorcraft,SIKORSKY,CALIFORNIA,"Other,Forest, Agriculture and Pest Control",43,
N1217F,UNITED STATES DEPARTMENT OF INTERIOR,A185F,Fixed Wing Single-Engine,CESSNA,IDAHO,"Other,Aerial Adversiting, Agriculture and Pest Control",48,
N21HY,UNITED STATES DEPARTMENT OF INTERIOR,A-1B,Fixed Wing Single-Engine,AVIAT AIRCRAFT INC,IDAHO,Normal,25,S
N32PX,UNITED STATES DEPARTMENT OF INTERIOR,U206F,Fixed Wing Single-Engine,CESSNA,IDAHO,Normal,47,
N33PP,UNITED STATES DEPARTMENT OF INTERIOR,206L-3,Rotorcraft,BELL,IDAHO,Normal,40,
N3874Z,UNITED STATES DEPARTMENT OF INTERIOR,PA-18A 150,Fixed Wing Single-Engine,PIPER,IDAHO,"Other,Aerial Adversiting, Agriculture and Pest Control",62,S
N56581,UNITED STATES DEPARTMENT OF INTERIOR,A185F,Fixed Wing Single-Engine,CESSNA,IDAHO,"Other,Aerial Adversiting, Agriculture and Pest Control",48,
N612BR,UNITED STATES DEPARTMENT OF INTERIOR,206B,Rotorcraft,BELL,IDAHO,Normal,48,
N618,UNITED STATES DEPARTMENT OF INTERIOR,B200,Fixed Wing Multi-Engine,BEECH,IDAHO,Normal,33,D
N626,UNITED STATES DEPARTMENT OF INTERIOR,206L-3,Rotorcraft,BELL,IDAHO,Normal,38,
N701,UNITED STATES DEPARTMENT OF INTERIOR,P.68 OBSERVER 2,Fixed Wing Multi-Engine,PARTENAVIA SPA,IDAHO,Normal,33,
N714,UNITED STATES DEPARTMENT OF INTERIOR,A185F,Fixed Wing Single-Engine,CESSNA,IDAHO,Normal,48,
N727,UNITED STATES DEPARTMENT OF INTERIOR,A185F,Fixed Wing Single-Engine,CESSNA,IDAHO,"Forest,Aerial Advertising, Agriculture and Pest Control",41,
N728,UNITED STATES DEPARTMENT OF INTERIOR,U206G,Fixed Wing Single-Engine,CESSNA,IDAHO,Normal,38,
N735HB,UNITED STATES DEPARTMENT OF INTERIOR,A185F,Fixed Wing Single-Engine,CESSNA,IDAHO,"Other,Aerial Adversiting, Agriculture and Pest Control",38,
N740,UNITED STATES DEPARTMENT OF INTERIOR,U206G,Fixed Wing Single-Engine,CESSNA,IDAHO,Normal,43,
N749,UNITED STATES DEPARTMENT OF INTERIOR,A185F,Fixed Wing Single-Engine,CESSNA,IDAHO,Other,41,
N757,UNITED STATES DEPARTMENT OF INTERIOR,A185F,Fixed Wing Single-Engine,CESSNA,IDAHO,Normal,42,
N763,UNITED STATES DEPARTMENT OF INTERIOR,U206G,Fixed Wing Single-Engine,CESSNA,IDAHO,Forest,37,
N7875D,UNITED STATES DEPARTMENT OF INTERIOR,PA-18-150,Fixed Wing Single-Engine,PIPER,IDAHO,Normal,66,S
N9395N,UNITED STATES DEPARTMENT OF INTERIOR,A185F,Fixed Wing Single-Engine,CESSNA,IDAHO,Normal,42,
N9623R,UNITED STATES DEPARTMENT OF INTERIOR,U206G,Fixed Wing Single-Engine,CESSNA,IDAHO,"Other,Aerial Adversiting, Agriculture and Pest Control",38,
N9987N,UNITED STATES DEPARTMENT OF INTERIOR,A185F,Fixed Wing Single-Engine,CESSNA,IDAHO,Normal,41,
N21HY,UNITED STATES DEPARTMENT OF INTERIOR,A-1B,Fixed Wing Single-Engine,AVIAT AIRCRAFT INC,IDAHO,Normal,25,S
N32PX,UNITED STATES DEPARTMENT OF INTERIOR,U206F,Fixed Wing Single-Engine,CESSNA,IDAHO,Normal,47,
N33PP,UNITED STATES DEPARTMENT OF INTERIOR,206L-3,Rotorcraft,BELL,IDAHO,Normal,40,
N109RS,UNITED STATES DEPARTMENT OF INTERIOR,TU206G,Fixed Wing Single-Engine,CESSNA,IDAHO,None,No information,
N162GC,UNITED STATES DEPARTMENT OF INTERIOR,B200,Fixed Wing Multi-Engine,BEECH,IDAHO,Normal,38,S
N206RW,UNITED STATES DEPARTMENT OF INTERIOR,206B-III,Rotorcraft,BELL,IDAHO,Normal,28,
N242WB,UNITED STATES DEPARTMENT OF INTERIOR,T206H,Fixed Wing Single-Engine,CESSNA,IDAHO,Normal,12,S
N49SJ,UNITED STATES DEPARTMENT OF INTERIOR,DHC-6-300,Fixed Wing Multi-Engine,DEHAVILLAND,IDAHO,Other,49,S
N49SJ,UNITED STATES DEPARTMENT OF INTERIOR,DHC-6-300,Fixed Wing Multi-Engine,DEHAVILLAND,IDAHO,Other,49,S
N702,UNITED STATES DEPT OF THE INTERIOR,KODIAK 100,Fixed Wing Single-Engine,QUEST AIRCRAFT COMPANY LLC,IDAHO,Normal,13,S
N190PE,US DEPARTMENT OF THE INTERIOR,PC-12/45,Fixed Wing Single-Engine,PILATUS FLUGZEUGWERKE AG,IDAHO,Normal,26,
N5143G,US DEPARTMENT OF THE INTERIOR,DHC-2 MK 1,Fixed Wing Single-Engine,DEHAVILLAND,IDAHO,Normal,72,
N709M,US DEPARTMENT OF THE INTERIOR,FBA-2C2,Fixed Wing Single-Engine,FOUND ACFT CANADA INC,IDAHO,Normal,17,
N716M,US DEPARTMENT OF THE INTERIOR,FBA-2C2,Fixed Wing Single-Engine,FOUND ACFT CANADA INC,IDAHO,Other,16,
N796,US DEPARTMENT OF THE INTERIOR,FBA-2C1,Fixed Wing Single-Engine,FOUND ACFT CANADA INC,IDAHO,"Other,Aerial Adversiting, Agriculture and Pest Control",19,
N709M,US DEPARTMENT OF THE INTERIOR,FBA-2C2,Fixed Wing Single-Engine,FOUND ACFT CANADA INC,IDAHO,Normal,17,
N716M,US DEPARTMENT OF THE INTERIOR,FBA-2C2,Fixed Wing Single-Engine,FOUND ACFT CANADA INC,IDAHO,Other,16,
N135L,US DEPARTMENT OF THE INTERIOR,CC18-180,Fixed Wing Single-Engine,CUB CRAFTERS INC,IDAHO,Normal,7,
N186L,US DEPARTMENT OF THE INTERIOR,CC18-180,Fixed Wing Single-Engine,CUB CRAFTERS INC,IDAHO,Normal,6,
N232L,US DEPARTMENT OF THE INTERIOR,CC18-180,Fixed Wing Single-Engine,CUB CRAFTERS INC,IDAHO,Other,9,
N278CC,US DEPARTMENT OF THE INTERIOR,CC18-180,Fixed Wing Single-Engine,CUB CRAFTERS INC,IDAHO,Other,11,
N287L,US DEPARTMENT OF THE INTERIOR,CC18-180,Fixed Wing Single-Engine,CUB CRAFTERS INC,IDAHO,"Other,Aerial Adversiting, Agriculture and Pest Control",9,
N527CC,US DEPARTMENT OF THE INTERIOR,CC18-180,Fixed Wing Single-Engine,CUB CRAFTERS INC,IDAHO,Other,11,
N55PK,US DEPARTMENT OF THE INTERIOR,CC18-180,Fixed Wing Single-Engine,CUB CRAFTERS INC,IDAHO,Normal,4,
N567L,US DEPARTMENT OF THE INTERIOR,CC18-180,Fixed Wing Single-Engine,CUB CRAFTERS INC,IDAHO,Normal,7,
N6352Z,US DEPARTMENT OF THE INTERIOR,TU206G,Fixed Wing Single-Engine,CESSNA,IDAHO,Normal,42,
N721NR,US DEPARTMENT OF THE INTERIOR,U206G,Fixed Wing Single-Engine,CESSNA,IDAHO,Normal,38,
N774JC,US DEPARTMENT OF THE INTERIOR,CC18-180,Fixed Wing Single-Engine,CUB CRAFTERS INC,IDAHO,Other,9,
N135L,US DEPARTMENT OF THE INTERIOR,CC18-180,Fixed Wing Single-Engine,CUB CRAFTERS INC,IDAHO,Normal,7,
N186L,US DEPARTMENT OF THE INTERIOR,CC18-180,Fixed Wing Single-Engine,CUB CRAFTERS INC,IDAHO,Normal,6,
N232L,US DEPARTMENT OF THE INTERIOR,CC18-180,Fixed Wing Single-Engine,CUB CRAFTERS INC,IDAHO,Other,9,
N287L,US DEPARTMENT OF THE INTERIOR,CC18-180,Fixed Wing Single-Engine,CUB CRAFTERS INC,IDAHO,"Other,Aerial Adversiting, Agriculture and Pest Control",9,
N55PK,US DEPARTMENT OF THE INTERIOR,CC18-180,Fixed Wing Single-Engine,CUB CRAFTERS INC,IDAHO,Normal,4,
N567L,US DEPARTMENT OF THE INTERIOR,CC18-180,Fixed Wing Single-Engine,CUB CRAFTERS INC,IDAHO,Normal,7,
N720HT,US LEASECO INC,CH-54B,Rotorcraft,HELICOPTER TRANSPORT SERVICES,OREGON,"Other,Forest, Agriculture and Pest Control",No information,
N722HT,US LEASECO INC,CH-54B,Rotorcraft,HELICOPTER TRANSPORT SERVICES,OREGON,"Other,Forest, Agriculture and Pest Control",54,
N764,USDA FOREST SERVIC FEPP,U206F,Fixed Wing Single-Engine,CESSNA,SOUTH CAROLINA,Normal,48,
N147Z,USDA FOREST SERVICE,B200GT,Fixed Wing Multi-Engine,TEXTRON AVIATION INC,IDAHO,Normal,5,
N111Z,USDA FOREST SERVICE,TU206F,Fixed Wing Single-Engine,CESSNA,IDAHO,Normal,No information,
N191Z,USDA FOREST SERVICE,BEAVER DHC-2,Fixed Wing Single-Engine,DEHAVILLAND,IDAHO,"Forest,Aerial Advertising, Agriculture and Pest Control",67,S
N141Z,USDA FOREST SERVICE,DHC-6-300,Fixed Wing Multi-Engine,DEHAVILLAND,IDAHO,Normal,39,S
N142Z,USDA FOREST SERVICE,SD3-60 SHERPA,Fixed Wing Multi-Engine,SHORT BROS,IDAHO,Transport,38,
N149Z,USDA FOREST SERVICE,200C,Fixed Wing Multi-Engine,BEECH,IDAHO,Normal,38,D
N444DF,USDA FOREST SERVICE,S-2F3AT,Fixed Wing Multi-Engine,MARSH AVIATION,CALIFORNIA,None,No information,
N106FS,USDA FOREST SERVICE,DHC-2 MK. I(L20A),Fixed Wing Single-Engine,DEHAVILLAND,IDAHO,Normal,71,
N107NJ,USDA FOREST SERVICE,UH-1H,Rotorcraft,BELL,NEW JERSEY,None,No information,
N107Z,USDA FOREST SERVICE,209,Rotorcraft,BELL,IDAHO,None,No information,
N109Z,USDA FOREST SERVICE,209,,BELL,IDAHO,None,No information,
N110Z,USDA FOREST SERVICE,SD3-60 SHERPA,Fixed Wing Multi-Engine,SHORT BROS,IDAHO,Transport,39,
N125Z,USDA FOREST SERVICE,KODIAK 100,Fixed Wing Single-Engine,QUEST AIRCRAFT COMPANY LLC,IDAHO,Normal,6,
N141Z,USDA FOREST SERVICE,DHC-6-300,Fixed Wing Multi-Engine,DEHAVILLAND,IDAHO,Normal,39,
N148Z,USDA FOREST SERVICE,SD3-60 SHERPA,Fixed Wing Multi-Engine,SHORT BROS,IDAHO,Transport,25,
N151Z,USDA FOREST SERVICE,SD3-60,Fixed Wing Multi-Engine,SHORT BROS,IDAHO,None,No information,
N160Z,USDA FOREST SERVICE,KODIAK 100,Fixed Wing Single-Engine,QUEST AIRCRAFT COMPANY LLC,IDAHO,Normal,6,S
N161Z,USDA FOREST SERVICE,SD3-60 SHERPA,Fixed Wing Multi-Engine,SHORT BROS,IDAHO,Transport,26,
N174Z,USDA FOREST SERVICE,SD3-60 SHERPA,Fixed Wing Multi-Engine,SHORT BROS,IDAHO,Transport,39,
N176Z,USDA FOREST SERVICE,SD3-60 SHERPA,Fixed Wing Multi-Engine,SHORT BROS,IDAHO,Transport,26,
N192Z,USDA FOREST SERVICE,BEAVER DHC-2 MK.1,Fixed Wing Single-Engine,DEHAVILLAND,IDAHO,"Forest,Aerial Advertising, Agriculture and Pest Control",64,S
N193Z,USDA FOREST SERVICE,BEAVER DHC-2 MK.1,Fixed Wing Single-Engine,DEHAVILLAND,IDAHO,"Forest,Aerial Advertising, Agriculture and Pest Control",66,S
N242KC,USDA FOREST SERVICE,UH-1H,Rotorcraft,BELL,CALIFORNIA,None,No information,
N407KC,USDA FOREST SERVICE,UH-1H,Rotorcraft,BELL,CALIFORNIA,None,No information,
N444DF,USDA FOREST SERVICE,S-2F3AT,Fixed Wing Multi-Engine,MARSH AVIATION,CALIFORNIA,None,No information,
N64835,USDA FOREST SERVICE,305A,Fixed Wing Single-Engine,CESSNA,MAINE,Utility,72,
N805NC,USDA FOREST SERVICE - FEPP,T-34C,Fixed Wing Single-Engine,BEECH,NORTH CAROLINA,None,No information,S
N436DF,USDA FOREST SERVICE - FEPP,S-2F3AT,Fixed Wing Multi-Engine,MARSH AVIATION,CALIFORNIA,Forest,22,
N458DF,USDA FOREST SERVICE - FEPP,S-2G,Fixed Wing Multi-Engine,GRUMMAN,CALIFORNIA,None,No information,
N436DF,USDA FOREST SERVICE - FEPP,S-2F3AT,Fixed Wing Multi-Engine,MARSH AVIATION,CALIFORNIA,Forest,22,
N458DF,USDA FOREST SERVICE - FEPP,S-2G,Fixed Wing Multi-Engine,GRUMMAN,CALIFORNIA,None,No information,
N430DF,USDA FOREST SERVICE FEEP,OV-10A,Fixed Wing Multi-Engine,NORTH AMERICAN,CALIFORNIA,None,No information,
N755W,USDA FOREST SERVICE FEPP,180A,Fixed Wing Single-Engine,CESSNA,ARKANSAS,None,65,
N138FC,USDA FOREST SERVICE FEPP,PA-28-181,Fixed Wing Single-Engine,PIPER,FLORIDA,"Utility,Normal",41,S
N395M,USDA FOREST SERVICE FEPP,UH-1H,Rotorcraft,BELL,MONTANA,None,No information,
N398M,USDA FOREST SERVICE FEPP,UH-1H,Rotorcraft,BELL,MONTANA,None,No information,
N105NJ,USDA FOREST SERVICE FEPP,UH-1H (205),Rotorcraft,BELL HELICOPTER CO,NEW JERSEY,None,No information,
N2728X,USDA FOREST SERVICE FEPP,180H,Fixed Wing Single-Engine,CESSNA,NEW JERSEY,Agriculture and Pest Control,58,
N481DF,USDA FOREST SERVICE FEPP,UH-1H,Rotorcraft,BELL,CALIFORNIA,None,No information,
N491DF,USDA FOREST SERVICE FEPP,EH-1H,Rotorcraft,BELL,CALIFORNIA,None,No information,
N481DF,USDA FOREST SERVICE FEPP,UH-1H,Rotorcraft,BELL,CALIFORNIA,None,No information,
N491DF,USDA FOREST SERVICE FEPP,EH-1H,Rotorcraft,BELL,CALIFORNIA,None,No information,
N804NC,USDA FOREST SERVICE FEPP,T-34C,Fixed Wing Single-Engine,BEECH,NORTH CAROLINA,None,No information,S
N120FC,USDA FOREST SERVICE FEPP,UH-1H,Rotorcraft,BELL,FLORIDA,None,No information,
N125FC,USDA FOREST SERVICE FEPP,UH-1V,Rotorcraft,BELL,FLORIDA,None,No information,
N499DF,USDA FOREST SERVICE FEPP,UH-1H,Rotorcraft,BELL,CALIFORNIA,None,No information,
N493DF,USDA FOREST SERVICE FEPP,EH-1H,Rotorcraft,BELL,CALIFORNIA,None,No information,
N495DF,USDA FOREST SERVICE FEPP,EH-1H,Rotorcraft,BELL,CALIFORNIA,None,No information,
N497DF,USDA FOREST SERVICE FEPP,EH-1H,Rotorcraft,BELL,CALIFORNIA,None,No information,
N490DF,USDA FOREST SERVICE FEPP,UH-1H,Rotorcraft,BELL,CALIFORNIA,None,No information,
N488DF,USDA FOREST SERVICE FEPP,UH-1H,Rotorcraft,BELL,CALIFORNIA,None,No information,
N494DF,USDA FOREST SERVICE FEPP,EH-1X,Rotorcraft,BELL,CALIFORNIA,None,No information,
N498DF,USDA FOREST SERVICE FEPP,UH-1H,Rotorcraft,BELL,CALIFORNIA,None,No information,
N489DF,USDA FOREST SERVICE FEPP,EH-1X,Rotorcraft,BELL,CALIFORNIA,None,No information,
N496DF,USDA FOREST SERVICE FEPP,EH-1H,Rotorcraft,BELL,CALIFORNIA,None,No information,
N427DF,USDA FOREST SERVICE FEPP,S-2F3AT,Fixed Wing Multi-Engine,MARSH AVIATION,CALIFORNIA,Forest,22,
N432DF,USDA FOREST SERVICE FEPP,S-2F3AT,Fixed Wing Multi-Engine,MARSH AVIATION,CALIFORNIA,None,No information,
N435DF,USDA FOREST SERVICE FEPP,S-2F3AT,Fixed Wing Multi-Engine,MARSH AVIATION,CALIFORNIA,Forest,22,
N437DF,USDA FOREST SERVICE FEPP,S-2F3AT,Fixed Wing Multi-Engine,MARSH AVIATION,CALIFORNIA,None,No information,
N439DF,USDA FOREST SERVICE FEPP,S-2F3AT,Fixed Wing Multi-Engine,MARSH AVIATION,CALIFORNIA,Forest,21,
N431DF,USDA FOREST SERVICE FEPP,S-2F3AT,Fixed Wing Multi-Engine,MARSH AVIATION,CALIFORNIA,Forest,22,
N445DF,USDA FOREST SERVICE FEPP,S-2F3AT,Fixed Wing Multi-Engine,MARSH AVIATION,CALIFORNIA,Forest,19,
N422DF,USDA FOREST SERVICE FEPP,S-2F3AT,Fixed Wing Multi-Engine,MARSH AVIATION,CALIFORNIA,Forest,22,
N424DF,USDA FOREST SERVICE FEPP,S-2F3AT,Fixed Wing Multi-Engine,MARSH AVIATION,CALIFORNIA,Forest,22,
N438DF,USDA FOREST SERVICE FEPP,S-2F3AT,Fixed Wing Multi-Engine,MARSH AVIATION,CALIFORNIA,None,No information,
N433DF,USDA FOREST SERVICE FEPP,S-2F3AT,Fixed Wing Multi-Engine,MARSH AVIATION,CALIFORNIA,None,No information,
N426DF,USDA FOREST SERVICE FEPP,S-2F3AT,Fixed Wing Multi-Engine,MARSH AVIATION,CALIFORNIA,Forest,24,
N425DF,USDA FOREST SERVICE FEPP,S-2F3AT,Fixed Wing Multi-Engine,MARSH AVIATION,CALIFORNIA,Forest,24,
N434DF,USDA FOREST SERVICE FEPP,S-2F3AT,Fixed Wing Multi-Engine,MARSH AVIATION,CALIFORNIA,None,No information,
N428DF,USDA FOREST SERVICE FEPP,S-2F3AT,Fixed Wing Multi-Engine,MARSH AVIATION,CALIFORNIA,None,No information,
N450DF,USDA FOREST SERVICE FEPP,S-2F3AT,Fixed Wing Multi-Engine,MARSH AVIATION,CALIFORNIA,Forest,18,
N442DF,USDA FOREST SERVICE FEPP,S-2F3AT,Fixed Wing Multi-Engine,MARSH AVIATION,CALIFORNIA,"To show compliance with FAR, Research and Development",18,
N448DF,USDA FOREST SERVICE FEPP,S-2F3AT,Fixed Wing Multi-Engine,MARSH AVIATION,CALIFORNIA,Forest,18,
N440DF,USDA FOREST SERVICE FEPP,S-2F3AT,Fixed Wing Multi-Engine,MARSH AVIATION,CALIFORNIA,Forest,22,
N441DF,USDA FOREST SERVICE FEPP,S-2F3AT,Fixed Wing Multi-Engine,MARSH AVIATION,CALIFORNIA,Forest,20,
N410DF,USDA FOREST SERVICE FEPP,OV-10A,Fixed Wing Multi-Engine,NORTH AMERICAN,CALIFORNIA,None,No information,
N413DF,USDA FOREST SERVICE FEPP,OV-10A,Fixed Wing Multi-Engine,NORTH AMERICAN,CALIFORNIA,None,No information,
N414DF,USDA FOREST SERVICE FEPP,OV-10A,Fixed Wing Multi-Engine,NORTH AMERICAN,CALIFORNIA,None,No information,
N402DF,USDA FOREST SERVICE FEPP,OV-10A,Fixed Wing Multi-Engine,NORTH AMERICAN,CALIFORNIA,None,No information,
N408DF,USDA FOREST SERVICE FEPP,OV-10A,Fixed Wing Multi-Engine,NORTH AMERICAN,CALIFORNIA,None,No information,
N421DF,USDA FOREST SERVICE FEPP,OV-10A,Fixed Wing Multi-Engine,NORTH AMERICAN,CALIFORNIA,None,No information,
N429DF,USDA FOREST SERVICE FEPP,OV-10A,Fixed Wing Multi-Engine,NORTH AMERICAN,CALIFORNIA,None,No information,
N409DF,USDA FOREST SERVICE FEPP,OV-10A,Fixed Wing Multi-Engine,NORTH AMERICAN,CALIFORNIA,None,No information,
N418DF,USDA FOREST SERVICE FEPP,OV-10A,Fixed Wing Multi-Engine,NORTH AMERICAN,CALIFORNIA,None,No information,
N400DF,USDA FOREST SERVICE FEPP,OV-10A,Fixed Wing Multi-Engine,NORTH AMERICAN,CALIFORNIA,None,No information,
N401DF,USDA FOREST SERVICE FEPP,OV-10A,Fixed Wing Multi-Engine,NORTH AMERICAN,CALIFORNIA,None,No information,
N415DF,USDA FOREST SERVICE FEPP,OV-10A,Fixed Wing Multi-Engine,NORTH AMERICAN,CALIFORNIA,None,No information,
N403DF,USDA FOREST SERVICE FEPP,OV-10A,Fixed Wing Multi-Engine,NORTH AMERICAN,CALIFORNIA,None,No information,
N407DF,USDA FOREST SERVICE FEPP,OV-10A,Fixed Wing Multi-Engine,NORTH AMERICAN,CALIFORNIA,None,No information,
N470DF,USDA FOREST SERVICE FEPP,OV-10D,Fixed Wing Multi-Engine,ROCKWELL,CALIFORNIA,None,No information,
N457DF,USDA FOREST SERVICE FEPP,58,Fixed Wing Multi-Engine,BEECH,CALIFORNIA,Normal,41,
N441FA,USDA FOREST SERVICE FEPP,UH-1H,Rotorcraft,BELL,CALIFORNIA,None,No information,
N541FA,USDA FOREST SERVICE FEPP,UH-1H,Rotorcraft,BELL,CALIFORNIA,None,No information,
N343WN,USDA FOREST SERVICE FEPP,UH-1,Rotorcraft,BELL,WASHINGTON,None,No information,
N344WN,USDA FOREST SERVICE FEPP,UH-1H,Rotorcraft,BELL,WASHINGTON,None,No information,
N345WN,USDA FOREST SERVICE FEPP,UH-1H,Rotorcraft,BELL,WASHINGTON,None,No information,
N346WN,USDA FOREST SERVICE FEPP,UH-1H,Rotorcraft,BELL,WASHINGTON,None,No information,
N473DF,USDA FOREST SERVICE FEPP,OV-10D,Fixed Wing Multi-Engine,ROCKWELL,CALIFORNIA,None,No information,
N409DF,USDA FOREST SERVICE FEPP,OV-10A,Fixed Wing Multi-Engine,NORTH AMERICAN,CALIFORNIA,None,No information,
N413DF,USDA FOREST SERVICE FEPP,OV-10A,Fixed Wing Multi-Engine,NORTH AMERICAN,CALIFORNIA,None,No information,
N414DF,USDA FOREST SERVICE FEPP,OV-10A,Fixed Wing Multi-Engine,NORTH AMERICAN,CALIFORNIA,None,No information,
N415DF,USDA FOREST SERVICE FEPP,OV-10A,Fixed Wing Multi-Engine,NORTH AMERICAN,CALIFORNIA,None,No information,
N418DF,USDA FOREST SERVICE FEPP,OV-10A,Fixed Wing Multi-Engine,NORTH AMERICAN,CALIFORNIA,None,No information,
N421DF,USDA FOREST SERVICE FEPP,OV-10A,Fixed Wing Multi-Engine,NORTH AMERICAN,CALIFORNIA,None,No information,
N431DF,USDA FOREST SERVICE FEPP,S-2F3AT,Fixed Wing Multi-Engine,MARSH AVIATION,CALIFORNIA,Forest,22,
N441DF,USDA FOREST SERVICE FEPP,S-2F3AT,Fixed Wing Multi-Engine,MARSH AVIATION,CALIFORNIA,Forest,20,
N442DF,USDA FOREST SERVICE FEPP,S-2F3AT,Fixed Wing Multi-Engine,MARSH AVIATION,CALIFORNIA,"To show compliance with FAR, Research and Development",18,
N448DF,USDA FOREST SERVICE FEPP,S-2F3AT,Fixed Wing Multi-Engine,MARSH AVIATION,CALIFORNIA,Forest,18,
N450DF,USDA FOREST SERVICE FEPP,S-2F3AT,Fixed Wing Multi-Engine,MARSH AVIATION,CALIFORNIA,Forest,18,
N470DF,USDA FOREST SERVICE FEPP,OV-10D,Fixed Wing Multi-Engine,ROCKWELL,CALIFORNIA,None,No information,
N101MF,USDA FOREST SERVICE FEPP,47G-2,Rotorcraft,BELL,NEW JERSEY,Normal,66,
N102NJ,USDA FOREST SERVICE FEPP,206B,Rotorcraft,BELL,NEW JERSEY,Normal,48,
N103NJ,USDA FOREST SERVICE FEPP,206A,Rotorcraft,BELL,NEW JERSEY,"Other,Aerial Advertising, Agriculture and Pest Control",54,
N106NJ,USDA FOREST SERVICE FEPP,UH-1H (205),Rotorcraft,BELL HELICOPTER CO,NEW JERSEY,None,No information,
N109FC,USDA FOREST SERVICE FEPP,PA-31-325,Fixed Wing Multi-Engine,PIPER,FLORIDA,Normal,43,S
N110FC,USDA FOREST SERVICE FEPP,OH-58A,Rotorcraft,BELL,FLORIDA,None,No information,
N114FC,USDA FOREST SERVICE FEPP,OH-58A,Rotorcraft,BELL,FLORIDA,None,No information,
N115NJ,USDA FOREST SERVICE FEPP,182J,Fixed Wing Single-Engine,CESSNA,NEW JERSEY,Normal,57,
N116NJ,USDA FOREST SERVICE FEPP,PA-18-150,Fixed Wing Single-Engine,PIPER,NEW JERSEY,Normal,59,S
N121FC,USDA FOREST SERVICE FEPP,UH-1H,Rotorcraft,BELL,FLORIDA,None,No information,
N124FC,USDA FOREST SERVICE FEPP,UH-1H,Rotorcraft,BELL,FLORIDA,None,No information,
N128FC,USDA FOREST SERVICE FEPP,UH-1H,Rotorcraft,BELL,FLORIDA,None,No information,
N12991,USDA FOREST SERVICE FEPP,172M,Fixed Wing Single-Engine,CESSNA,SOUTH CAROLINA,Normal,50,
N146FC,USDA FOREST SERVICE FEPP,P206A,Fixed Wing Single-Engine,CESSNA,ARKANSAS,None,57,
N147FC,USDA FOREST SERVICE FEPP,PA-28-161,Fixed Wing Single-Engine,PIPER,FLORIDA,"Utility,Normal",No information,S
N160FC,USDA FOREST SERVICE FEPP,PA-28-161,Fixed Wing Single-Engine,PIPER,FLORIDA,"Utility,Normal",46,S
N162NR,USDA FOREST SERVICE FEPP,180A,Fixed Wing Single-Engine,CESSNA,MAINE,Normal,66,
N178ZL,USDA FOREST SERVICE FEPP,182F,Fixed Wing Single-Engine,CESSNA,SOUTH CAROLINA,Normal,60,
N17FC,USDA FOREST SERVICE FEPP,182N,Fixed Wing Single-Engine,CESSNA,SOUTH CAROLINA,Normal,53,
N1919F,USDA FOREST SERVICE FEPP,172N,Fixed Wing Single-Engine,CESSNA,SOUTH CAROLINA,"Utility,Normal",44,
N194Z,USDA FOREST SERVICE FEPP,500-B,Fixed Wing Multi-Engine,AERO COMMANDER,ARKANSAS,Normal,58,S
N205BH,USDA FOREST SERVICE FEPP,EH-1H,Rotorcraft,BELL,CALIFORNIA,None,No information,
N205KS,USDA FOREST SERVICE FEPP,UH-1H,Rotorcraft,BELL,CALIFORNIA,None,No information,
N23XG,USDA FOREST SERVICE FEPP,R172E,Fixed Wing Single-Engine,CESSNA,ARKANSAS,Normal,56,
N338WN,USDA FOREST SERVICE FEPP,UH-1H,Rotorcraft,BELL,WASHINGTON,None,No information,
N339WN,USDA FOREST SERVICE FEPP,UH-1H,Rotorcraft,BELL,WASHINGTON,None,No information,
N340WN,USDA FOREST SERVICE FEPP,UH-1H,Rotorcraft,BELL,WASHINGTON,None,No information,
N341WN,USDA FOREST SERVICE FEPP,UH-1H,Rotorcraft,BELL,WASHINGTON,None,No information,
N387M,USDA FOREST SERVICE FEPP,UH-1H,Rotorcraft,BELL,MONTANA,None,No information,
N388M,USDA FOREST SERVICE FEPP,UH-1H,Rotorcraft,BELL,MONTANA,None,No information,
N391M,USDA FOREST SERVICE FEPP,185C,Fixed Wing Single-Engine,CESSNA,MONTANA,Normal,59,
N392M,USDA FOREST SERVICE FEPP,206A,Rotorcraft,BELL,MONTANA,Other,54,
N394M,USDA FOREST SERVICE FEPP,UH-1H,Rotorcraft,BELL,MONTANA,None,No information,
N400DF,USDA FOREST SERVICE FEPP,OV-10A,Fixed Wing Multi-Engine,NORTH AMERICAN,CALIFORNIA,None,No information,
N401DF,USDA FOREST SERVICE FEPP,OV-10A,Fixed Wing Multi-Engine,NORTH AMERICAN,CALIFORNIA,None,No information,
N402DF,USDA FOREST SERVICE FEPP,OV-10A,Fixed Wing Multi-Engine,NORTH AMERICAN,CALIFORNIA,None,No information,
N403DF,USDA FOREST SERVICE FEPP,OV-10A,Fixed Wing Multi-Engine,NORTH AMERICAN,CALIFORNIA,None,No information,
N407DF,USDA FOREST SERVICE FEPP,OV-10A,Fixed Wing Multi-Engine,NORTH AMERICAN,CALIFORNIA,None,No information,
N408DF,USDA FOREST SERVICE FEPP,OV-10A,Fixed Wing Multi-Engine,NORTH AMERICAN,CALIFORNIA,None,No information,
N410DF,USDA FOREST SERVICE FEPP,OV-10A,Fixed Wing Multi-Engine,NORTH AMERICAN,CALIFORNIA,None,No information,
N422DF,USDA FOREST SERVICE FEPP,S-2F3AT,Fixed Wing Multi-Engine,MARSH AVIATION,CALIFORNIA,Forest,22,
N424DF,USDA FOREST SERVICE FEPP,S-2F3AT,Fixed Wing Multi-Engine,MARSH AVIATION,CALIFORNIA,Forest,22,
N425DF,USDA FOREST SERVICE FEPP,S-2F3AT,Fixed Wing Multi-Engine,MARSH AVIATION,CALIFORNIA,Forest,24,
N426DF,USDA FOREST SERVICE FEPP,S-2F3AT,Fixed Wing Multi-Engine,MARSH AVIATION,CALIFORNIA,Forest,24,
N427DF,USDA FOREST SERVICE FEPP,S-2F3AT,Fixed Wing Multi-Engine,MARSH AVIATION,CALIFORNIA,Forest,22,
N428DF,USDA FOREST SERVICE FEPP,S-2F3AT,Fixed Wing Multi-Engine,MARSH AVIATION,CALIFORNIA,None,No information,
N429DF,USDA FOREST SERVICE FEPP,OV-10A,Fixed Wing Multi-Engine,NORTH AMERICAN,CALIFORNIA,None,No information,
N432DF,USDA FOREST SERVICE FEPP,S-2F3AT,Fixed Wing Multi-Engine,MARSH AVIATION,CALIFORNIA,None,No information,
N433DF,USDA FOREST SERVICE FEPP,S-2F3AT,Fixed Wing Multi-Engine,MARSH AVIATION,CALIFORNIA,None,No information,
N434DF,USDA FOREST SERVICE FEPP,S-2F3AT,Fixed Wing Multi-Engine,MARSH AVIATION,CALIFORNIA,None,No information,
N435DF,USDA FOREST SERVICE FEPP,S-2F3AT,Fixed Wing Multi-Engine,MARSH AVIATION,CALIFORNIA,Forest,22,
N437DF,USDA FOREST SERVICE FEPP,S-2F3AT,Fixed Wing Multi-Engine,MARSH AVIATION,CALIFORNIA,None,No information,
N438DF,USDA FOREST SERVICE FEPP,S-2F3AT,Fixed Wing Multi-Engine,MARSH AVIATION,CALIFORNIA,None,No information,
N439DF,USDA FOREST SERVICE FEPP,S-2F3AT,Fixed Wing Multi-Engine,MARSH AVIATION,CALIFORNIA,Forest,21,
N440DF,USDA FOREST SERVICE FEPP,S-2F3AT,Fixed Wing Multi-Engine,MARSH AVIATION,CALIFORNIA,Forest,22,
N445DF,USDA FOREST SERVICE FEPP,S-2F3AT,Fixed Wing Multi-Engine,MARSH AVIATION,CALIFORNIA,Forest,19,
N449DF,USDA FOREST SERVICE FEPP,S-2F3AT,Fixed Wing Multi-Engine,MARSH AVIATION,CALIFORNIA,Forest,19,
N469DF,USDA FOREST SERVICE FEPP,OV-10D,Fixed Wing Multi-Engine,ROCKWELL,CALIFORNIA,None,No information,
N488DF,USDA FOREST SERVICE FEPP,UH-1H,Rotorcraft,BELL,CALIFORNIA,None,No information,
N489DF,USDA FOREST SERVICE FEPP,EH-1X,Rotorcraft,BELL,CALIFORNIA,None,No information,
N490DF,USDA FOREST SERVICE FEPP,UH-1H,Rotorcraft,BELL,CALIFORNIA,None,No information,
N493DF,USDA FOREST SERVICE FEPP,EH-1H,Rotorcraft,BELL,CALIFORNIA,None,No information,
N494DF,USDA FOREST SERVICE FEPP,EH-1X,Rotorcraft,BELL,CALIFORNIA,None,No information,
N495DF,USDA FOREST SERVICE FEPP,EH-1H,Rotorcraft,BELL,CALIFORNIA,None,No information,
N496DF,USDA FOREST SERVICE FEPP,EH-1H,Rotorcraft,BELL,CALIFORNIA,None,No information,
N497DF,USDA FOREST SERVICE FEPP,EH-1H,Rotorcraft,BELL,CALIFORNIA,None,No information,
N498DF,USDA FOREST SERVICE FEPP,UH-1H,Rotorcraft,BELL,CALIFORNIA,None,No information,
N499DF,USDA FOREST SERVICE FEPP,UH-1H,Rotorcraft,BELL,CALIFORNIA,None,No information,
N5182F,USDA FOREST SERVICE FEPP,172F,Fixed Wing Single-Engine,CESSNA,NORTH CAROLINA,"Utility,Normal",58,
N60124,USDA FOREST SERVICE FEPP,UH-1H (205),Rotorcraft,BELL HELICOPTER CO,NORTH CAROLINA,None,No information,
N6312B,USDA FOREST SERVICE FEPP,182A,Fixed Wing Single-Engine,CESSNA,MONTANA,"Agriculture and Pest Control, Aerial Advertising, Agriculture and Pest Control",66,
N6611M,USDA FOREST SERVICE FEPP,182P,Fixed Wing Single-Engine,CESSNA,SOUTH CAROLINA,None,48,
N777SF,USDA FOREST SERVICE FEPP,UH-1H,Rotorcraft,BELL,NEVADA,None,No information,
N8198R,USDA FOREST SERVICE FEPP,R172E,Fixed Wing Single-Engine,CESSNA,ARKANSAS,None,No information,
N87767,USDA FOREST SERVICE FEPP,R172E,Fixed Wing Single-Engine,CESSNA,ARKANSAS,Normal,56,
N904AK,USDA FOREST SERVICE FEPP,DHC-2 MK. I(L20A),Fixed Wing Single-Engine,DEHAVILLAND,ALASKA,Normal,65,
N915MF,USDA FOREST SERVICE FEPP,UH-1H,Rotorcraft,BELL,MAINE,None,No information,
N925MF,USDA FOREST SERVICE FEPP,UH-1H,Rotorcraft,BELL,MAINE,None,No information,
N935MF,USDA FOREST SERVICE FEPP,UH-1H,Rotorcraft,BELL,MAINE,None,No information,
N955MF,USDA FOREST SERVICE FEPP,UH-1H,Rotorcraft,BELL,MAINE,None,No information,
N965MF,USDA FOREST SERVICE FEPP,UH-1H,Rotorcraft,BELL,MAINE,None,No information,
N98188,USDA FOREST SERVICE FEPP,172E,Fixed Wing Single-Engine,CESSNA,SOUTH CAROLINA,None,No information,
N987SF,USDA FOREST SERVICE FEPP,UH-1H,Rotorcraft,BELL,NEVADA,None,No information,
N9979,USDA FOREST SERVICE FEPP,R172E,Fixed Wing Single-Engine,CESSNA,ARKANSAS,None,56,
N9997F,USDA FOREST SERVICE FEPP,R172E,Fixed Wing Single-Engine,CESSNA,SOUTH CAROLINA,"Utility,Normal",56,
N29FC,USDA FOREST SERVICE FEPP,U206C,Fixed Wing Single-Engine,CESSNA,NORTH CAROLINA,Normal,55,
N6132N,USDA FOREST SERVICE FEPP,UH-1H,Rotorcraft,BELL,NORTH CAROLINA,None,No information,
N163Z,USDA FOREST SERVICE FIRE & AVIATION,SD3-60 SHERPA,Fixed Wing Multi-Engine,SHORT BROS,IDAHO,Transport,26,
N408KC,USDA FOREST SERVICE-FEPP,UH-1H,Rotorcraft,BELL,CALIFORNIA,None,No information,
N811AP,WAGON LEASING LLC,AT-802A,Fixed Wing Single-Engine,AIR TRACTOR INC,ARKANSAS,"Forest, Agriculture and Pest Control",3,S
N163AC,WELLS FARGO TRUST CO NA TRUSTEE,S-64F,Rotorcraft,SIKORSKY,UTAH,Transport,30,
N119JW,WESTERN PILOT SERVICE INC,AT-802A,Fixed Wing Single-Engine,AIR TRACTOR INC,TEXAS,"Forest, Agriculture and Pest Control",13,S
N398LA,WESTERN PILOT SERVICE INC,AT-802A,Fixed Wing Single-Engine,AIR TRACTOR INC,TEXAS,"Forest, Agriculture and Pest Control",16,S
N870LA,WESTERN PILOT SERVICE INC,AT-802,Fixed Wing Single-Engine,AIR TRACTOR INC,TEXAS,"Forest, Agriculture and Pest Control",16,
N969WP,WESTERN PILOT SERVICE INC,AT-802A,Fixed Wing Single-Engine,AIR TRACTOR INC,TEXAS,"Forest, Agriculture and Pest Control",5,S
N830WP,WESTERN PILOT SERVICE INC,AT-802A,Fixed Wing Single-Engine,AIR TRACTOR INC,TEXAS,"Forest, Agriculture and Pest Control",2,S
N441DE,WHIRLD HELICOPTERS INC,R44 II,Rotorcraft,ROBINSON HELICOPTER COMPANY,TENNESSEE,Normal,17,
N9696W,WITHROTOR AVIATION INC,S-61A,Rotorcraft,SIKORSKY,OREGON,"Other, Carriage of Cargo,Forest, Agriculture and Pest Control",63,
N42CU,UC HELITANKER 1 LLC,CH-47D,Rotorcraft,BOEING,CALIFORNIA,"Other,Forest, Agriculture and Pest Control",32,
N43CU,UC HELITANKER 1 LLC,CH-47D,Rotorcraft,BOEING,CALIFORNIA,"Other,Forest, Agriculture and Pest Control",33,
N62CU,UC HELITANKER 1 LLC,UH-60A,Rotorcraft,SIKORSKY,CALIFORNIA,"Other,Forest, Agriculture and Pest Control",43,